rok,cislo,url
2020,1,https://www.uvo.gov.sk/vestnik-a-registre/vestnik?order=1&year=2020&date=
2020,2,https://www.uvo.gov.sk/vestnik-a-registre/vestnik?order=2&year=2020&date=
2020,3,https://www.uvo.gov.sk/vestnik-a-registre/vestnik?order=3&year=2020&date=
2020,4,https://www.uvo.gov.sk/vestnik-a-registre/vestnik?order=4&year=2020&date=
2020,5,https://www.uvo.gov.sk/vestnik-a-registre/vestnik?order=5&year=2020&date=
2020,6,https://www.uvo.gov.sk/vestnik-a-registre/vestnik?order=6&year=2020&date=
2020,7,https://www.uvo.gov.sk/vestnik-a-registre/vestnik?order=7&year=2020&date=
2020,8,https://www.uvo.gov.sk/vestnik-a-registre/vestnik?order=8&year=2020&date=
2020,9,https://www.uvo.gov.sk/vestnik-a-registre/vestnik?order=9&year=2020&date=
2020,10,https://www.uvo.gov.sk/vestnik-a-registre/vestnik?order=10&year=2020&date=
2020,11,https://www.uvo.gov.sk/vestnik-a-registre/vestnik?order=11&year=2020&date=
2020,12,https://www.uvo.gov.sk/vestnik-a-registre/vestnik?order=12&year=2020&date=
2020,13,https://www.uvo.gov.sk/vestnik-a-registre/vestnik?order=13&year=2020&date=
2020,14,https://www.uvo.gov.sk/vestnik-a-registre/vestnik?order=14&year=2020&date=
2020,15,https://www.uvo.gov.sk/vestnik-a-registre/vestnik?order=15&year=2020&date=
2020,16,https://www.uvo.gov.sk/vestnik-a-registre/vestnik?order=16&year=2020&date=
2020,17,https://www.uvo.gov.sk/vestnik-a-registre/vestnik?order=17&year=2020&date=
2020,18,https://www.uvo.gov.sk/vestnik-a-registre/vestnik?order=18&year=2020&date=
2020,19,https://www.uvo.gov.sk/vestnik-a-registre/vestnik?order=19&year=2020&date=
2020,20,https://www.uvo.gov.sk/vestnik-a-registre/vestnik?order=20&year=2020&date=
2020,21,https://www.uvo.gov.sk/vestnik-a-registre/vestnik?order=21&year=2020&date=
2020,22,https://www.uvo.gov.sk/vestnik-a-registre/vestnik?order=22&year=2020&date=
2020,23,https://www.uvo.gov.sk/vestnik-a-registre/vestnik?order=23&year=2020&date=
2020,24,https://www.uvo.gov.sk/vestnik-a-registre/vestnik?order=24&year=2020&date=
2020,25,https://www.uvo.gov.sk/vestnik-a-registre/vestnik?order=25&year=2020&date=
2020,26,https://www.uvo.gov.sk/vestnik-a-registre/vestnik?order=26&year=2020&date=
2020,27,https://www.uvo.gov.sk/vestnik-a-registre/vestnik?order=27&year=2020&date=
2020,28,https://www.uvo.gov.sk/vestnik-a-registre/vestnik?order=28&year=2020&date=
2020,29,https://www.uvo.gov.sk/vestnik-a-registre/vestnik?order=29&year=2020&date=
2020,30,https://www.uvo.gov.sk/vestnik-a-registre/vestnik?order=30&year=2020&date=
2020,31,https://www.uvo.gov.sk/vestnik-a-registre/vestnik?order=31&year=2020&date=
2020,32,https://www.uvo.gov.sk/vestnik-a-registre/vestnik?order=32&year=2020&date=
2020,33,https://www.uvo.gov.sk/vestnik-a-registre/vestnik?order=33&year=2020&date=
2020,34,https://www.uvo.gov.sk/vestnik-a-registre/vestnik?order=34&year=2020&date=
2020,35,https://www.uvo.gov.sk/vestnik-a-registre/vestnik?order=35&year=2020&date=
2020,36,https://www.uvo.gov.sk/vestnik-a-registre/vestnik?order=36&year=2020&date=
2020,37,https://www.uvo.gov.sk/vestnik-a-registre/vestnik?order=37&year=2020&date=
2020,38,https://www.uvo.gov.sk/vestnik-a-registre/vestnik?order=38&year=2020&date=
2020,39,https://www.uvo.gov.sk/vestnik-a-registre/vestnik?order=39&year=2020&date=
2020,40,https://www.uvo.gov.sk/vestnik-a-registre/vestnik?order=40&year=2020&date=
2020,41,https://www.uvo.gov.sk/vestnik-a-registre/vestnik?order=41&year=2020&date=
2020,42,https://www.uvo.gov.sk/vestnik-a-registre/vestnik?order=42&year=2020&date=
2020,43,https://www.uvo.gov.sk/vestnik-a-registre/vestnik?order=43&year=2020&date=
2020,44,https://www.uvo.gov.sk/vestnik-a-registre/vestnik?order=44&year=2020&date=
2020,45,https://www.uvo.gov.sk/vestnik-a-registre/vestnik?order=45&year=2020&date=
2020,46,https://www.uvo.gov.sk/vestnik-a-registre/vestnik?order=46&year=2020&date=
2020,47,https://www.uvo.gov.sk/vestnik-a-registre/vestnik?order=47&year=2020&date=
2020,48,https://www.uvo.gov.sk/vestnik-a-registre/vestnik?order=48&year=2020&date=
2020,49,https://www.uvo.gov.sk/vestnik-a-registre/vestnik?order=49&year=2020&date=
2020,50,https://www.uvo.gov.sk/vestnik-a-registre/vestnik?order=50&year=2020&date=
2020,51,https://www.uvo.gov.sk/vestnik-a-registre/vestnik?order=51&year=2020&date=
2020,52,https://www.uvo.gov.sk/vestnik-a-registre/vestnik?order=52&year=2020&date=
2020,53,https://www.uvo.gov.sk/vestnik-a-registre/vestnik?order=53&year=2020&date=
2020,54,https://www.uvo.gov.sk/vestnik-a-registre/vestnik?order=54&year=2020&date=
2020,55,https://www.uvo.gov.sk/vestnik-a-registre/vestnik?order=55&year=2020&date=
2020,56,https://www.uvo.gov.sk/vestnik-a-registre/vestnik?order=56&year=2020&date=
2020,57,https://www.uvo.gov.sk/vestnik-a-registre/vestnik?order=57&year=2020&date=
2020,58,https://www.uvo.gov.sk/vestnik-a-registre/vestnik?order=58&year=2020&date=
2020,59,https://www.uvo.gov.sk/vestnik-a-registre/vestnik?order=59&year=2020&date=
2020,60,https://www.uvo.gov.sk/vestnik-a-registre/vestnik?order=60&year=2020&date=
2020,61,https://www.uvo.gov.sk/vestnik-a-registre/vestnik?order=61&year=2020&date=
2020,62,https://www.uvo.gov.sk/vestnik-a-registre/vestnik?order=62&year=2020&date=
2020,63,https://www.uvo.gov.sk/vestnik-a-registre/vestnik?order=63&year=2020&date=
2020,64,https://www.uvo.gov.sk/vestnik-a-registre/vestnik?order=64&year=2020&date=
2020,65,https://www.uvo.gov.sk/vestnik-a-registre/vestnik?order=65&year=2020&date=
2020,66,https://www.uvo.gov.sk/vestnik-a-registre/vestnik?order=66&year=2020&date=
2020,67,https://www.uvo.gov.sk/vestnik-a-registre/vestnik?order=67&year=2020&date=
2020,68,https://www.uvo.gov.sk/vestnik-a-registre/vestnik?order=68&year=2020&date=
2020,69,https://www.uvo.gov.sk/vestnik-a-registre/vestnik?order=69&year=2020&date=
2020,70,https://www.uvo.gov.sk/vestnik-a-registre/vestnik?order=70&year=2020&date=
2020,71,https://www.uvo.gov.sk/vestnik-a-registre/vestnik?order=71&year=2020&date=
2020,72,https://www.uvo.gov.sk/vestnik-a-registre/vestnik?order=72&year=2020&date=
2020,73,https://www.uvo.gov.sk/vestnik-a-registre/vestnik?order=73&year=2020&date=
2020,74,https://www.uvo.gov.sk/vestnik-a-registre/vestnik?order=74&year=2020&date=
2020,75,https://www.uvo.gov.sk/vestnik-a-registre/vestnik?order=75&year=2020&date=
2020,76,https://www.uvo.gov.sk/vestnik-a-registre/vestnik?order=76&year=2020&date=
2020,77,https://www.uvo.gov.sk/vestnik-a-registre/vestnik?order=77&year=2020&date=
2020,78,https://www.uvo.gov.sk/vestnik-a-registre/vestnik?order=78&year=2020&date=
2020,79,https://www.uvo.gov.sk/vestnik-a-registre/vestnik?order=79&year=2020&date=
2020,80,https://www.uvo.gov.sk/vestnik-a-registre/vestnik?order=80&year=2020&date=
2020,81,https://www.uvo.gov.sk/vestnik-a-registre/vestnik?order=81&year=2020&date=
2020,82,https://www.uvo.gov.sk/vestnik-a-registre/vestnik?order=82&year=2020&date=
2020,83,https://www.uvo.gov.sk/vestnik-a-registre/vestnik?order=83&year=2020&date=
2020,84,https://www.uvo.gov.sk/vestnik-a-registre/vestnik?order=84&year=2020&date=
2020,85,https://www.uvo.gov.sk/vestnik-a-registre/vestnik?order=85&year=2020&date=
2020,86,https://www.uvo.gov.sk/vestnik-a-registre/vestnik?order=86&year=2020&date=
2020,87,https://www.uvo.gov.sk/vestnik-a-registre/vestnik?order=87&year=2020&date=
2020,88,https://www.uvo.gov.sk/vestnik-a-registre/vestnik?order=88&year=2020&date=
2020,89,https://www.uvo.gov.sk/vestnik-a-registre/vestnik?order=89&year=2020&date=
2020,90,https://www.uvo.gov.sk/vestnik-a-registre/vestnik?order=90&year=2020&date=
2020,91,https://www.uvo.gov.sk/vestnik-a-registre/vestnik?order=91&year=2020&date=
2020,92,https://www.uvo.gov.sk/vestnik-a-registre/vestnik?order=92&year=2020&date=
2020,93,https://www.uvo.gov.sk/vestnik-a-registre/vestnik?order=93&year=2020&date=
2020,94,https://www.uvo.gov.sk/vestnik-a-registre/vestnik?order=94&year=2020&date=
2020,95,https://www.uvo.gov.sk/vestnik-a-registre/vestnik?order=95&year=2020&date=
2020,96,https://www.uvo.gov.sk/vestnik-a-registre/vestnik?order=96&year=2020&date=
2020,97,https://www.uvo.gov.sk/vestnik-a-registre/vestnik?order=97&year=2020&date=
2020,98,https://www.uvo.gov.sk/vestnik-a-registre/vestnik?order=98&year=2020&date=
2020,99,https://www.uvo.gov.sk/vestnik-a-registre/vestnik?order=99&year=2020&date=
2020,100,https://www.uvo.gov.sk/vestnik-a-registre/vestnik?order=100&year=2020&date=
2020,101,https://www.uvo.gov.sk/vestnik-a-registre/vestnik?order=101&year=2020&date=
2020,102,https://www.uvo.gov.sk/vestnik-a-registre/vestnik?order=102&year=2020&date=
2020,103,https://www.uvo.gov.sk/vestnik-a-registre/vestnik?order=103&year=2020&date=
2020,104,https://www.uvo.gov.sk/vestnik-a-registre/vestnik?order=104&year=2020&date=
2020,105,https://www.uvo.gov.sk/vestnik-a-registre/vestnik?order=105&year=2020&date=
2020,106,https://www.uvo.gov.sk/vestnik-a-registre/vestnik?order=106&year=2020&date=
2020,107,https://www.uvo.gov.sk/vestnik-a-registre/vestnik?order=107&year=2020&date=
2020,108,https://www.uvo.gov.sk/vestnik-a-registre/vestnik?order=108&year=2020&date=
2020,109,https://www.uvo.gov.sk/vestnik-a-registre/vestnik?order=109&year=2020&date=
2020,110,https://www.uvo.gov.sk/vestnik-a-registre/vestnik?order=110&year=2020&date=
2020,111,https://www.uvo.gov.sk/vestnik-a-registre/vestnik?order=111&year=2020&date=
2020,112,https://www.uvo.gov.sk/vestnik-a-registre/vestnik?order=112&year=2020&date=
2020,113,https://www.uvo.gov.sk/vestnik-a-registre/vestnik?order=113&year=2020&date=
2020,114,https://www.uvo.gov.sk/vestnik-a-registre/vestnik?order=114&year=2020&date=
2020,115,https://www.uvo.gov.sk/vestnik-a-registre/vestnik?order=115&year=2020&date=
2020,116,https://www.uvo.gov.sk/vestnik-a-registre/vestnik?order=116&year=2020&date=
2020,117,https://www.uvo.gov.sk/vestnik-a-registre/vestnik?order=117&year=2020&date=
2020,118,https://www.uvo.gov.sk/vestnik-a-registre/vestnik?order=118&year=2020&date=
2020,119,https://www.uvo.gov.sk/vestnik-a-registre/vestnik?order=119&year=2020&date=
2020,120,https://www.uvo.gov.sk/vestnik-a-registre/vestnik?order=120&year=2020&date=
2020,121,https://www.uvo.gov.sk/vestnik-a-registre/vestnik?order=121&year=2020&date=
2020,122,https://www.uvo.gov.sk/vestnik-a-registre/vestnik?order=122&year=2020&date=
2020,123,https://www.uvo.gov.sk/vestnik-a-registre/vestnik?order=123&year=2020&date=
2020,124,https://www.uvo.gov.sk/vestnik-a-registre/vestnik?order=124&year=2020&date=
2020,125,https://www.uvo.gov.sk/vestnik-a-registre/vestnik?order=125&year=2020&date=
2020,126,https://www.uvo.gov.sk/vestnik-a-registre/vestnik?order=126&year=2020&date=
2020,127,https://www.uvo.gov.sk/vestnik-a-registre/vestnik?order=127&year=2020&date=
2020,128,https://www.uvo.gov.sk/vestnik-a-registre/vestnik?order=128&year=2020&date=
2020,129,https://www.uvo.gov.sk/vestnik-a-registre/vestnik?order=129&year=2020&date=
2020,130,https://www.uvo.gov.sk/vestnik-a-registre/vestnik?order=130&year=2020&date=
2020,131,https://www.uvo.gov.sk/vestnik-a-registre/vestnik?order=131&year=2020&date=
2020,132,https://www.uvo.gov.sk/vestnik-a-registre/vestnik?order=132&year=2020&date=
2020,133,https://www.uvo.gov.sk/vestnik-a-registre/vestnik?order=133&year=2020&date=
2020,134,https://www.uvo.gov.sk/vestnik-a-registre/vestnik?order=134&year=2020&date=
2020,135,https://www.uvo.gov.sk/vestnik-a-registre/vestnik?order=135&year=2020&date=
2020,136,https://www.uvo.gov.sk/vestnik-a-registre/vestnik?order=136&year=2020&date=
2020,137,https://www.uvo.gov.sk/vestnik-a-registre/vestnik?order=137&year=2020&date=
2020,138,https://www.uvo.gov.sk/vestnik-a-registre/vestnik?order=138&year=2020&date=
2020,139,https://www.uvo.gov.sk/vestnik-a-registre/vestnik?order=139&year=2020&date=
2020,140,https://www.uvo.gov.sk/vestnik-a-registre/vestnik?order=140&year=2020&date=
2020,141,https://www.uvo.gov.sk/vestnik-a-registre/vestnik?order=141&year=2020&date=
2020,142,https://www.uvo.gov.sk/vestnik-a-registre/vestnik?order=142&year=2020&date=
2020,143,https://www.uvo.gov.sk/vestnik-a-registre/vestnik?order=143&year=2020&date=
2020,144,https://www.uvo.gov.sk/vestnik-a-registre/vestnik?order=144&year=2020&date=
2020,145,https://www.uvo.gov.sk/vestnik-a-registre/vestnik?order=145&year=2020&date=
2020,146,https://www.uvo.gov.sk/vestnik-a-registre/vestnik?order=146&year=2020&date=
2020,147,https://www.uvo.gov.sk/vestnik-a-registre/vestnik?order=147&year=2020&date=
2020,148,https://www.uvo.gov.sk/vestnik-a-registre/vestnik?order=148&year=2020&date=
2020,149,https://www.uvo.gov.sk/vestnik-a-registre/vestnik?order=149&year=2020&date=
2020,150,https://www.uvo.gov.sk/vestnik-a-registre/vestnik?order=150&year=2020&date=
2020,151,https://www.uvo.gov.sk/vestnik-a-registre/vestnik?order=151&year=2020&date=
2020,152,https://www.uvo.gov.sk/vestnik-a-registre/vestnik?order=152&year=2020&date=
2020,153,https://www.uvo.gov.sk/vestnik-a-registre/vestnik?order=153&year=2020&date=
2020,154,https://www.uvo.gov.sk/vestnik-a-registre/vestnik?order=154&year=2020&date=
2020,155,https://www.uvo.gov.sk/vestnik-a-registre/vestnik?order=155&year=2020&date=
2020,156,https://www.uvo.gov.sk/vestnik-a-registre/vestnik?order=156&year=2020&date=
2020,157,https://www.uvo.gov.sk/vestnik-a-registre/vestnik?order=157&year=2020&date=
2020,158,https://www.uvo.gov.sk/vestnik-a-registre/vestnik?order=158&year=2020&date=
2020,159,https://www.uvo.gov.sk/vestnik-a-registre/vestnik?order=159&year=2020&date=
2020,160,https://www.uvo.gov.sk/vestnik-a-registre/vestnik?order=160&year=2020&date=
2020,161,https://www.uvo.gov.sk/vestnik-a-registre/vestnik?order=161&year=2020&date=
2020,162,https://www.uvo.gov.sk/vestnik-a-registre/vestnik?order=162&year=2020&date=
2020,163,https://www.uvo.gov.sk/vestnik-a-registre/vestnik?order=163&year=2020&date=
2020,164,https://www.uvo.gov.sk/vestnik-a-registre/vestnik?order=164&year=2020&date=
2020,165,https://www.uvo.gov.sk/vestnik-a-registre/vestnik?order=165&year=2020&date=
2020,166,https://www.uvo.gov.sk/vestnik-a-registre/vestnik?order=166&year=2020&date=
2020,167,https://www.uvo.gov.sk/vestnik-a-registre/vestnik?order=167&year=2020&date=
2020,168,https://www.uvo.gov.sk/vestnik-a-registre/vestnik?order=168&year=2020&date=
2020,169,https://www.uvo.gov.sk/vestnik-a-registre/vestnik?order=169&year=2020&date=
2020,170,https://www.uvo.gov.sk/vestnik-a-registre/vestnik?order=170&year=2020&date=
2020,171,https://www.uvo.gov.sk/vestnik-a-registre/vestnik?order=171&year=2020&date=
2020,172,https://www.uvo.gov.sk/vestnik-a-registre/vestnik?order=172&year=2020&date=
2020,173,https://www.uvo.gov.sk/vestnik-a-registre/vestnik?order=173&year=2020&date=
2020,174,https://www.uvo.gov.sk/vestnik-a-registre/vestnik?order=174&year=2020&date=
2020,175,https://www.uvo.gov.sk/vestnik-a-registre/vestnik?order=175&year=2020&date=
2020,176,https://www.uvo.gov.sk/vestnik-a-registre/vestnik?order=176&year=2020&date=
2020,177,https://www.uvo.gov.sk/vestnik-a-registre/vestnik?order=177&year=2020&date=
2020,178,https://www.uvo.gov.sk/vestnik-a-registre/vestnik?order=178&year=2020&date=
2020,179,https://www.uvo.gov.sk/vestnik-a-registre/vestnik?order=179&year=2020&date=
2020,180,https://www.uvo.gov.sk/vestnik-a-registre/vestnik?order=180&year=2020&date=
2020,181,https://www.uvo.gov.sk/vestnik-a-registre/vestnik?order=181&year=2020&date=
2020,182,https://www.uvo.gov.sk/vestnik-a-registre/vestnik?order=182&year=2020&date=
2020,183,https://www.uvo.gov.sk/vestnik-a-registre/vestnik?order=183&year=2020&date=
2020,184,https://www.uvo.gov.sk/vestnik-a-registre/vestnik?order=184&year=2020&date=
2020,185,https://www.uvo.gov.sk/vestnik-a-registre/vestnik?order=185&year=2020&date=
2020,186,https://www.uvo.gov.sk/vestnik-a-registre/vestnik?order=186&year=2020&date=
2020,187,https://www.uvo.gov.sk/vestnik-a-registre/vestnik?order=187&year=2020&date=
2020,188,https://www.uvo.gov.sk/vestnik-a-registre/vestnik?order=188&year=2020&date=
2020,189,https://www.uvo.gov.sk/vestnik-a-registre/vestnik?order=189&year=2020&date=
2020,190,https://www.uvo.gov.sk/vestnik-a-registre/vestnik?order=190&year=2020&date=
2020,191,https://www.uvo.gov.sk/vestnik-a-registre/vestnik?order=191&year=2020&date=
2020,192,https://www.uvo.gov.sk/vestnik-a-registre/vestnik?order=192&year=2020&date=
2020,193,https://www.uvo.gov.sk/vestnik-a-registre/vestnik?order=193&year=2020&date=
2020,194,https://www.uvo.gov.sk/vestnik-a-registre/vestnik?order=194&year=2020&date=
2020,195,https://www.uvo.gov.sk/vestnik-a-registre/vestnik?order=195&year=2020&date=
2020,196,https://www.uvo.gov.sk/vestnik-a-registre/vestnik?order=196&year=2020&date=
2020,197,https://www.uvo.gov.sk/vestnik-a-registre/vestnik?order=197&year=2020&date=
2020,198,https://www.uvo.gov.sk/vestnik-a-registre/vestnik?order=198&year=2020&date=
2020,199,https://www.uvo.gov.sk/vestnik-a-registre/vestnik?order=199&year=2020&date=
2020,200,https://www.uvo.gov.sk/vestnik-a-registre/vestnik?order=200&year=2020&date=
2020,201,https://www.uvo.gov.sk/vestnik-a-registre/vestnik?order=201&year=2020&date=
2020,202,https://www.uvo.gov.sk/vestnik-a-registre/vestnik?order=202&year=2020&date=
2020,203,https://www.uvo.gov.sk/vestnik-a-registre/vestnik?order=203&year=2020&date=
2020,204,https://www.uvo.gov.sk/vestnik-a-registre/vestnik?order=204&year=2020&date=
2020,205,https://www.uvo.gov.sk/vestnik-a-registre/vestnik?order=205&year=2020&date=
2020,206,https://www.uvo.gov.sk/vestnik-a-registre/vestnik?order=206&year=2020&date=
2020,207,https://www.uvo.gov.sk/vestnik-a-registre/vestnik?order=207&year=2020&date=
2020,208,https://www.uvo.gov.sk/vestnik-a-registre/vestnik?order=208&year=2020&date=
2020,209,https://www.uvo.gov.sk/vestnik-a-registre/vestnik?order=209&year=2020&date=
2020,210,https://www.uvo.gov.sk/vestnik-a-registre/vestnik?order=210&year=2020&date=
2020,211,https://www.uvo.gov.sk/vestnik-a-registre/vestnik?order=211&year=2020&date=
2020,212,https://www.uvo.gov.sk/vestnik-a-registre/vestnik?order=212&year=2020&date=
2020,213,https://www.uvo.gov.sk/vestnik-a-registre/vestnik?order=213&year=2020&date=
2020,214,https://www.uvo.gov.sk/vestnik-a-registre/vestnik?order=214&year=2020&date=
2020,215,https://www.uvo.gov.sk/vestnik-a-registre/vestnik?order=215&year=2020&date=
2020,216,https://www.uvo.gov.sk/vestnik-a-registre/vestnik?order=216&year=2020&date=
2020,217,https://www.uvo.gov.sk/vestnik-a-registre/vestnik?order=217&year=2020&date=
2020,218,https://www.uvo.gov.sk/vestnik-a-registre/vestnik?order=218&year=2020&date=
2020,219,https://www.uvo.gov.sk/vestnik-a-registre/vestnik?order=219&year=2020&date=
2020,220,https://www.uvo.gov.sk/vestnik-a-registre/vestnik?order=220&year=2020&date=
2020,221,https://www.uvo.gov.sk/vestnik-a-registre/vestnik?order=221&year=2020&date=
2020,222,https://www.uvo.gov.sk/vestnik-a-registre/vestnik?order=222&year=2020&date=
2020,223,https://www.uvo.gov.sk/vestnik-a-registre/vestnik?order=223&year=2020&date=
2020,224,https://www.uvo.gov.sk/vestnik-a-registre/vestnik?order=224&year=2020&date=
2020,225,https://www.uvo.gov.sk/vestnik-a-registre/vestnik?order=225&year=2020&date=
2020,226,https://www.uvo.gov.sk/vestnik-a-registre/vestnik?order=226&year=2020&date=
2020,227,https://www.uvo.gov.sk/vestnik-a-registre/vestnik?order=227&year=2020&date=
2020,228,https://www.uvo.gov.sk/vestnik-a-registre/vestnik?order=228&year=2020&date=
2020,229,https://www.uvo.gov.sk/vestnik-a-registre/vestnik?order=229&year=2020&date=
2020,230,https://www.uvo.gov.sk/vestnik-a-registre/vestnik?order=230&year=2020&date=
2020,231,https://www.uvo.gov.sk/vestnik-a-registre/vestnik?order=231&year=2020&date=
2020,232,https://www.uvo.gov.sk/vestnik-a-registre/vestnik?order=232&year=2020&date=
2020,233,https://www.uvo.gov.sk/vestnik-a-registre/vestnik?order=233&year=2020&date=
2020,234,https://www.uvo.gov.sk/vestnik-a-registre/vestnik?order=234&year=2020&date=
2020,235,https://www.uvo.gov.sk/vestnik-a-registre/vestnik?order=235&year=2020&date=
2020,236,https://www.uvo.gov.sk/vestnik-a-registre/vestnik?order=236&year=2020&date=
2020,237,https://www.uvo.gov.sk/vestnik-a-registre/vestnik?order=237&year=2020&date=
2020,238,https://www.uvo.gov.sk/vestnik-a-registre/vestnik?order=238&year=2020&date=
2020,239,https://www.uvo.gov.sk/vestnik-a-registre/vestnik?order=239&year=2020&date=
2020,240,https://www.uvo.gov.sk/vestnik-a-registre/vestnik?order=240&year=2020&date=
2020,241,https://www.uvo.gov.sk/vestnik-a-registre/vestnik?order=241&year=2020&date=
2020,242,https://www.uvo.gov.sk/vestnik-a-registre/vestnik?order=242&year=2020&date=
2020,243,https://www.uvo.gov.sk/vestnik-a-registre/vestnik?order=243&year=2020&date=
2020,244,https://www.uvo.gov.sk/vestnik-a-registre/vestnik?order=244&year=2020&date=
2020,245,https://www.uvo.gov.sk/vestnik-a-registre/vestnik?order=245&year=2020&date=
2020,246,https://www.uvo.gov.sk/vestnik-a-registre/vestnik?order=246&year=2020&date=
2020,247,https://www.uvo.gov.sk/vestnik-a-registre/vestnik?order=247&year=2020&date=
2020,248,https://www.uvo.gov.sk/vestnik-a-registre/vestnik?order=248&year=2020&date=
2020,249,https://www.uvo.gov.sk/vestnik-a-registre/vestnik?order=249&year=2020&date=
2020,250,https://www.uvo.gov.sk/vestnik-a-registre/vestnik?order=250&year=2020&date=
2020,251,https://www.uvo.gov.sk/vestnik-a-registre/vestnik?order=251&year=2020&date=
2020,252,https://www.uvo.gov.sk/vestnik-a-registre/vestnik?order=252&year=2020&date=
2020,253,https://www.uvo.gov.sk/vestnik-a-registre/vestnik?order=253&year=2020&date=
2020,254,https://www.uvo.gov.sk/vestnik-a-registre/vestnik?order=254&year=2020&date=
2020,255,https://www.uvo.gov.sk/vestnik-a-registre/vestnik?order=255&year=2020&date=
2020,256,https://www.uvo.gov.sk/vestnik-a-registre/vestnik?order=256&year=2020&date=
2020,257,https://www.uvo.gov.sk/vestnik-a-registre/vestnik?order=257&year=2020&date=
2020,258,https://www.uvo.gov.sk/vestnik-a-registre/vestnik?order=258&year=2020&date=
2020,259,https://www.uvo.gov.sk/vestnik-a-registre/vestnik?order=259&year=2020&date=
2020,260,https://www.uvo.gov.sk/vestnik-a-registre/vestnik?order=260&year=2020&date=
2021,1,https://www.uvo.gov.sk/vestnik-a-registre/vestnik?order=1&year=2021&date=
2021,2,https://www.uvo.gov.sk/vestnik-a-registre/vestnik?order=2&year=2021&date=
2021,3,https://www.uvo.gov.sk/vestnik-a-registre/vestnik?order=3&year=2021&date=
2021,4,https://www.uvo.gov.sk/vestnik-a-registre/vestnik?order=4&year=2021&date=
2021,5,https://www.uvo.gov.sk/vestnik-a-registre/vestnik?order=5&year=2021&date=
2021,6,https://www.uvo.gov.sk/vestnik-a-registre/vestnik?order=6&year=2021&date=
2021,7,https://www.uvo.gov.sk/vestnik-a-registre/vestnik?order=7&year=2021&date=
2021,8,https://www.uvo.gov.sk/vestnik-a-registre/vestnik?order=8&year=2021&date=
2021,9,https://www.uvo.gov.sk/vestnik-a-registre/vestnik?order=9&year=2021&date=
2021,10,https://www.uvo.gov.sk/vestnik-a-registre/vestnik?order=10&year=2021&date=
2021,11,https://www.uvo.gov.sk/vestnik-a-registre/vestnik?order=11&year=2021&date=
2021,12,https://www.uvo.gov.sk/vestnik-a-registre/vestnik?order=12&year=2021&date=
2021,13,https://www.uvo.gov.sk/vestnik-a-registre/vestnik?order=13&year=2021&date=
2021,14,https://www.uvo.gov.sk/vestnik-a-registre/vestnik?order=14&year=2021&date=
2021,15,https://www.uvo.gov.sk/vestnik-a-registre/vestnik?order=15&year=2021&date=
2021,16,https://www.uvo.gov.sk/vestnik-a-registre/vestnik?order=16&year=2021&date=
2021,17,https://www.uvo.gov.sk/vestnik-a-registre/vestnik?order=17&year=2021&date=
2021,18,https://www.uvo.gov.sk/vestnik-a-registre/vestnik?order=18&year=2021&date=
2021,19,https://www.uvo.gov.sk/vestnik-a-registre/vestnik?order=19&year=2021&date=
2021,20,https://www.uvo.gov.sk/vestnik-a-registre/vestnik?order=20&year=2021&date=
2021,21,https://www.uvo.gov.sk/vestnik-a-registre/vestnik?order=21&year=2021&date=
2021,22,https://www.uvo.gov.sk/vestnik-a-registre/vestnik?order=22&year=2021&date=
2021,23,https://www.uvo.gov.sk/vestnik-a-registre/vestnik?order=23&year=2021&date=
2021,24,https://www.uvo.gov.sk/vestnik-a-registre/vestnik?order=24&year=2021&date=
2021,25,https://www.uvo.gov.sk/vestnik-a-registre/vestnik?order=25&year=2021&date=
2021,26,https://www.uvo.gov.sk/vestnik-a-registre/vestnik?order=26&year=2021&date=
2021,27,https://www.uvo.gov.sk/vestnik-a-registre/vestnik?order=27&year=2021&date=
2021,28,https://www.uvo.gov.sk/vestnik-a-registre/vestnik?order=28&year=2021&date=
2021,29,https://www.uvo.gov.sk/vestnik-a-registre/vestnik?order=29&year=2021&date=
2021,30,https://www.uvo.gov.sk/vestnik-a-registre/vestnik?order=30&year=2021&date=
2021,31,https://www.uvo.gov.sk/vestnik-a-registre/vestnik?order=31&year=2021&date=
2021,32,https://www.uvo.gov.sk/vestnik-a-registre/vestnik?order=32&year=2021&date=
2021,33,https://www.uvo.gov.sk/vestnik-a-registre/vestnik?order=33&year=2021&date=
2021,34,https://www.uvo.gov.sk/vestnik-a-registre/vestnik?order=34&year=2021&date=
2021,35,https://www.uvo.gov.sk/vestnik-a-registre/vestnik?order=35&year=2021&date=
2021,36,https://www.uvo.gov.sk/vestnik-a-registre/vestnik?order=36&year=2021&date=
2021,37,https://www.uvo.gov.sk/vestnik-a-registre/vestnik?order=37&year=2021&date=
2021,38,https://www.uvo.gov.sk/vestnik-a-registre/vestnik?order=38&year=2021&date=
2021,39,https://www.uvo.gov.sk/vestnik-a-registre/vestnik?order=39&year=2021&date=
2021,40,https://www.uvo.gov.sk/vestnik-a-registre/vestnik?order=40&year=2021&date=
2021,41,https://www.uvo.gov.sk/vestnik-a-registre/vestnik?order=41&year=2021&date=
2021,42,https://www.uvo.gov.sk/vestnik-a-registre/vestnik?order=42&year=2021&date=
2021,43,https://www.uvo.gov.sk/vestnik-a-registre/vestnik?order=43&year=2021&date=
2021,44,https://www.uvo.gov.sk/vestnik-a-registre/vestnik?order=44&year=2021&date=
2021,45,https://www.uvo.gov.sk/vestnik-a-registre/vestnik?order=45&year=2021&date=
2021,46,https://www.uvo.gov.sk/vestnik-a-registre/vestnik?order=46&year=2021&date=
2021,47,https://www.uvo.gov.sk/vestnik-a-registre/vestnik?order=47&year=2021&date=
2021,48,https://www.uvo.gov.sk/vestnik-a-registre/vestnik?order=48&year=2021&date=
2021,49,https://www.uvo.gov.sk/vestnik-a-registre/vestnik?order=49&year=2021&date=
2021,50,https://www.uvo.gov.sk/vestnik-a-registre/vestnik?order=50&year=2021&date=
2021,51,https://www.uvo.gov.sk/vestnik-a-registre/vestnik?order=51&year=2021&date=
2021,52,https://www.uvo.gov.sk/vestnik-a-registre/vestnik?order=52&year=2021&date=
2021,53,https://www.uvo.gov.sk/vestnik-a-registre/vestnik?order=53&year=2021&date=
2021,54,https://www.uvo.gov.sk/vestnik-a-registre/vestnik?order=54&year=2021&date=
2021,55,https://www.uvo.gov.sk/vestnik-a-registre/vestnik?order=55&year=2021&date=
2021,56,https://www.uvo.gov.sk/vestnik-a-registre/vestnik?order=56&year=2021&date=
2021,57,https://www.uvo.gov.sk/vestnik-a-registre/vestnik?order=57&year=2021&date=
2021,58,https://www.uvo.gov.sk/vestnik-a-registre/vestnik?order=58&year=2021&date=
2021,59,https://www.uvo.gov.sk/vestnik-a-registre/vestnik?order=59&year=2021&date=
2021,60,https://www.uvo.gov.sk/vestnik-a-registre/vestnik?order=60&year=2021&date=
2021,61,https://www.uvo.gov.sk/vestnik-a-registre/vestnik?order=61&year=2021&date=
2021,62,https://www.uvo.gov.sk/vestnik-a-registre/vestnik?order=62&year=2021&date=
2021,63,https://www.uvo.gov.sk/vestnik-a-registre/vestnik?order=63&year=2021&date=
2021,64,https://www.uvo.gov.sk/vestnik-a-registre/vestnik?order=64&year=2021&date=
2021,65,https://www.uvo.gov.sk/vestnik-a-registre/vestnik?order=65&year=2021&date=
2021,66,https://www.uvo.gov.sk/vestnik-a-registre/vestnik?order=66&year=2021&date=
2021,67,https://www.uvo.gov.sk/vestnik-a-registre/vestnik?order=67&year=2021&date=
2021,68,https://www.uvo.gov.sk/vestnik-a-registre/vestnik?order=68&year=2021&date=
2021,69,https://www.uvo.gov.sk/vestnik-a-registre/vestnik?order=69&year=2021&date=
2021,70,https://www.uvo.gov.sk/vestnik-a-registre/vestnik?order=70&year=2021&date=
2021,71,https://www.uvo.gov.sk/vestnik-a-registre/vestnik?order=71&year=2021&date=
2021,72,https://www.uvo.gov.sk/vestnik-a-registre/vestnik?order=72&year=2021&date=
2021,73,https://www.uvo.gov.sk/vestnik-a-registre/vestnik?order=73&year=2021&date=
2021,74,https://www.uvo.gov.sk/vestnik-a-registre/vestnik?order=74&year=2021&date=
2021,75,https://www.uvo.gov.sk/vestnik-a-registre/vestnik?order=75&year=2021&date=
2021,76,https://www.uvo.gov.sk/vestnik-a-registre/vestnik?order=76&year=2021&date=
2021,77,https://www.uvo.gov.sk/vestnik-a-registre/vestnik?order=77&year=2021&date=
2021,78,https://www.uvo.gov.sk/vestnik-a-registre/vestnik?order=78&year=2021&date=
2021,79,https://www.uvo.gov.sk/vestnik-a-registre/vestnik?order=79&year=2021&date=
2021,80,https://www.uvo.gov.sk/vestnik-a-registre/vestnik?order=80&year=2021&date=
2021,81,https://www.uvo.gov.sk/vestnik-a-registre/vestnik?order=81&year=2021&date=
2021,82,https://www.uvo.gov.sk/vestnik-a-registre/vestnik?order=82&year=2021&date=
2021,83,https://www.uvo.gov.sk/vestnik-a-registre/vestnik?order=83&year=2021&date=
2021,84,https://www.uvo.gov.sk/vestnik-a-registre/vestnik?order=84&year=2021&date=
2021,85,https://www.uvo.gov.sk/vestnik-a-registre/vestnik?order=85&year=2021&date=
2021,86,https://www.uvo.gov.sk/vestnik-a-registre/vestnik?order=86&year=2021&date=
2021,87,https://www.uvo.gov.sk/vestnik-a-registre/vestnik?order=87&year=2021&date=
2021,88,https://www.uvo.gov.sk/vestnik-a-registre/vestnik?order=88&year=2021&date=
2021,89,https://www.uvo.gov.sk/vestnik-a-registre/vestnik?order=89&year=2021&date=
2021,90,https://www.uvo.gov.sk/vestnik-a-registre/vestnik?order=90&year=2021&date=
2021,91,https://www.uvo.gov.sk/vestnik-a-registre/vestnik?order=91&year=2021&date=
2021,92,https://www.uvo.gov.sk/vestnik-a-registre/vestnik?order=92&year=2021&date=
2021,93,https://www.uvo.gov.sk/vestnik-a-registre/vestnik?order=93&year=2021&date=
2021,94,https://www.uvo.gov.sk/vestnik-a-registre/vestnik?order=94&year=2021&date=
2021,95,https://www.uvo.gov.sk/vestnik-a-registre/vestnik?order=95&year=2021&date=
2021,96,https://www.uvo.gov.sk/vestnik-a-registre/vestnik?order=96&year=2021&date=
2021,97,https://www.uvo.gov.sk/vestnik-a-registre/vestnik?order=97&year=2021&date=
2021,98,https://www.uvo.gov.sk/vestnik-a-registre/vestnik?order=98&year=2021&date=
2021,99,https://www.uvo.gov.sk/vestnik-a-registre/vestnik?order=99&year=2021&date=
2021,100,https://www.uvo.gov.sk/vestnik-a-registre/vestnik?order=100&year=2021&date=
2021,101,https://www.uvo.gov.sk/vestnik-a-registre/vestnik?order=101&year=2021&date=
2021,102,https://www.uvo.gov.sk/vestnik-a-registre/vestnik?order=102&year=2021&date=
2021,103,https://www.uvo.gov.sk/vestnik-a-registre/vestnik?order=103&year=2021&date=
2021,104,https://www.uvo.gov.sk/vestnik-a-registre/vestnik?order=104&year=2021&date=
2021,105,https://www.uvo.gov.sk/vestnik-a-registre/vestnik?order=105&year=2021&date=
2021,106,https://www.uvo.gov.sk/vestnik-a-registre/vestnik?order=106&year=2021&date=
2021,107,https://www.uvo.gov.sk/vestnik-a-registre/vestnik?order=107&year=2021&date=
2021,108,https://www.uvo.gov.sk/vestnik-a-registre/vestnik?order=108&year=2021&date=
2021,109,https://www.uvo.gov.sk/vestnik-a-registre/vestnik?order=109&year=2021&date=
2021,110,https://www.uvo.gov.sk/vestnik-a-registre/vestnik?order=110&year=2021&date=
2021,111,https://www.uvo.gov.sk/vestnik-a-registre/vestnik?order=111&year=2021&date=
2021,112,https://www.uvo.gov.sk/vestnik-a-registre/vestnik?order=112&year=2021&date=
2021,113,https://www.uvo.gov.sk/vestnik-a-registre/vestnik?order=113&year=2021&date=
2021,114,https://www.uvo.gov.sk/vestnik-a-registre/vestnik?order=114&year=2021&date=
2021,115,https://www.uvo.gov.sk/vestnik-a-registre/vestnik?order=115&year=2021&date=
2021,116,https://www.uvo.gov.sk/vestnik-a-registre/vestnik?order=116&year=2021&date=
2021,117,https://www.uvo.gov.sk/vestnik-a-registre/vestnik?order=117&year=2021&date=
2021,118,https://www.uvo.gov.sk/vestnik-a-registre/vestnik?order=118&year=2021&date=
2021,119,https://www.uvo.gov.sk/vestnik-a-registre/vestnik?order=119&year=2021&date=
2021,120,https://www.uvo.gov.sk/vestnik-a-registre/vestnik?order=120&year=2021&date=
2021,121,https://www.uvo.gov.sk/vestnik-a-registre/vestnik?order=121&year=2021&date=
2021,122,https://www.uvo.gov.sk/vestnik-a-registre/vestnik?order=122&year=2021&date=
2021,123,https://www.uvo.gov.sk/vestnik-a-registre/vestnik?order=123&year=2021&date=
2021,124,https://www.uvo.gov.sk/vestnik-a-registre/vestnik?order=124&year=2021&date=
2021,125,https://www.uvo.gov.sk/vestnik-a-registre/vestnik?order=125&year=2021&date=
2021,126,https://www.uvo.gov.sk/vestnik-a-registre/vestnik?order=126&year=2021&date=
2021,127,https://www.uvo.gov.sk/vestnik-a-registre/vestnik?order=127&year=2021&date=
2021,128,https://www.uvo.gov.sk/vestnik-a-registre/vestnik?order=128&year=2021&date=
2021,129,https://www.uvo.gov.sk/vestnik-a-registre/vestnik?order=129&year=2021&date=
2021,130,https://www.uvo.gov.sk/vestnik-a-registre/vestnik?order=130&year=2021&date=
2021,131,https://www.uvo.gov.sk/vestnik-a-registre/vestnik?order=131&year=2021&date=
2021,132,https://www.uvo.gov.sk/vestnik-a-registre/vestnik?order=132&year=2021&date=
2021,133,https://www.uvo.gov.sk/vestnik-a-registre/vestnik?order=133&year=2021&date=
2021,134,https://www.uvo.gov.sk/vestnik-a-registre/vestnik?order=134&year=2021&date=
2021,135,https://www.uvo.gov.sk/vestnik-a-registre/vestnik?order=135&year=2021&date=
2021,136,https://www.uvo.gov.sk/vestnik-a-registre/vestnik?order=136&year=2021&date=
2021,137,https://www.uvo.gov.sk/vestnik-a-registre/vestnik?order=137&year=2021&date=
2021,138,https://www.uvo.gov.sk/vestnik-a-registre/vestnik?order=138&year=2021&date=
2021,139,https://www.uvo.gov.sk/vestnik-a-registre/vestnik?order=139&year=2021&date=
2021,140,https://www.uvo.gov.sk/vestnik-a-registre/vestnik?order=140&year=2021&date=
2021,141,https://www.uvo.gov.sk/vestnik-a-registre/vestnik?order=141&year=2021&date=
2021,142,https://www.uvo.gov.sk/vestnik-a-registre/vestnik?order=142&year=2021&date=
2021,143,https://www.uvo.gov.sk/vestnik-a-registre/vestnik?order=143&year=2021&date=
2021,144,https://www.uvo.gov.sk/vestnik-a-registre/vestnik?order=144&year=2021&date=
2021,145,https://www.uvo.gov.sk/vestnik-a-registre/vestnik?order=145&year=2021&date=
2021,146,https://www.uvo.gov.sk/vestnik-a-registre/vestnik?order=146&year=2021&date=
2021,147,https://www.uvo.gov.sk/vestnik-a-registre/vestnik?order=147&year=2021&date=
2021,148,https://www.uvo.gov.sk/vestnik-a-registre/vestnik?order=148&year=2021&date=
2021,149,https://www.uvo.gov.sk/vestnik-a-registre/vestnik?order=149&year=2021&date=
2021,150,https://www.uvo.gov.sk/vestnik-a-registre/vestnik?order=150&year=2021&date=
2021,151,https://www.uvo.gov.sk/vestnik-a-registre/vestnik?order=151&year=2021&date=
2021,152,https://www.uvo.gov.sk/vestnik-a-registre/vestnik?order=152&year=2021&date=
2021,153,https://www.uvo.gov.sk/vestnik-a-registre/vestnik?order=153&year=2021&date=
2021,154,https://www.uvo.gov.sk/vestnik-a-registre/vestnik?order=154&year=2021&date=
2021,155,https://www.uvo.gov.sk/vestnik-a-registre/vestnik?order=155&year=2021&date=
2021,156,https://www.uvo.gov.sk/vestnik-a-registre/vestnik?order=156&year=2021&date=
2021,157,https://www.uvo.gov.sk/vestnik-a-registre/vestnik?order=157&year=2021&date=
2021,158,https://www.uvo.gov.sk/vestnik-a-registre/vestnik?order=158&year=2021&date=
2021,159,https://www.uvo.gov.sk/vestnik-a-registre/vestnik?order=159&year=2021&date=
2021,160,https://www.uvo.gov.sk/vestnik-a-registre/vestnik?order=160&year=2021&date=
2021,161,https://www.uvo.gov.sk/vestnik-a-registre/vestnik?order=161&year=2021&date=
2021,162,https://www.uvo.gov.sk/vestnik-a-registre/vestnik?order=162&year=2021&date=
2021,163,https://www.uvo.gov.sk/vestnik-a-registre/vestnik?order=163&year=2021&date=
2021,164,https://www.uvo.gov.sk/vestnik-a-registre/vestnik?order=164&year=2021&date=
2021,165,https://www.uvo.gov.sk/vestnik-a-registre/vestnik?order=165&year=2021&date=
2021,166,https://www.uvo.gov.sk/vestnik-a-registre/vestnik?order=166&year=2021&date=
2021,167,https://www.uvo.gov.sk/vestnik-a-registre/vestnik?order=167&year=2021&date=
2021,168,https://www.uvo.gov.sk/vestnik-a-registre/vestnik?order=168&year=2021&date=
2021,169,https://www.uvo.gov.sk/vestnik-a-registre/vestnik?order=169&year=2021&date=
2021,170,https://www.uvo.gov.sk/vestnik-a-registre/vestnik?order=170&year=2021&date=
2021,171,https://www.uvo.gov.sk/vestnik-a-registre/vestnik?order=171&year=2021&date=
2021,172,https://www.uvo.gov.sk/vestnik-a-registre/vestnik?order=172&year=2021&date=
2021,173,https://www.uvo.gov.sk/vestnik-a-registre/vestnik?order=173&year=2021&date=
2021,174,https://www.uvo.gov.sk/vestnik-a-registre/vestnik?order=174&year=2021&date=
2021,175,https://www.uvo.gov.sk/vestnik-a-registre/vestnik?order=175&year=2021&date=
2021,176,https://www.uvo.gov.sk/vestnik-a-registre/vestnik?order=176&year=2021&date=
2021,177,https://www.uvo.gov.sk/vestnik-a-registre/vestnik?order=177&year=2021&date=
2021,178,https://www.uvo.gov.sk/vestnik-a-registre/vestnik?order=178&year=2021&date=
2021,179,https://www.uvo.gov.sk/vestnik-a-registre/vestnik?order=179&year=2021&date=
2021,180,https://www.uvo.gov.sk/vestnik-a-registre/vestnik?order=180&year=2021&date=
2021,181,https://www.uvo.gov.sk/vestnik-a-registre/vestnik?order=181&year=2021&date=
2021,182,https://www.uvo.gov.sk/vestnik-a-registre/vestnik?order=182&year=2021&date=
2021,183,https://www.uvo.gov.sk/vestnik-a-registre/vestnik?order=183&year=2021&date=
2021,184,https://www.uvo.gov.sk/vestnik-a-registre/vestnik?order=184&year=2021&date=
2021,185,https://www.uvo.gov.sk/vestnik-a-registre/vestnik?order=185&year=2021&date=
2021,186,https://www.uvo.gov.sk/vestnik-a-registre/vestnik?order=186&year=2021&date=
2021,187,https://www.uvo.gov.sk/vestnik-a-registre/vestnik?order=187&year=2021&date=
2021,188,https://www.uvo.gov.sk/vestnik-a-registre/vestnik?order=188&year=2021&date=
2021,189,https://www.uvo.gov.sk/vestnik-a-registre/vestnik?order=189&year=2021&date=
2021,190,https://www.uvo.gov.sk/vestnik-a-registre/vestnik?order=190&year=2021&date=
2021,191,https://www.uvo.gov.sk/vestnik-a-registre/vestnik?order=191&year=2021&date=
2021,192,https://www.uvo.gov.sk/vestnik-a-registre/vestnik?order=192&year=2021&date=
2021,193,https://www.uvo.gov.sk/vestnik-a-registre/vestnik?order=193&year=2021&date=
2021,194,https://www.uvo.gov.sk/vestnik-a-registre/vestnik?order=194&year=2021&date=
2021,195,https://www.uvo.gov.sk/vestnik-a-registre/vestnik?order=195&year=2021&date=
2021,196,https://www.uvo.gov.sk/vestnik-a-registre/vestnik?order=196&year=2021&date=
2021,197,https://www.uvo.gov.sk/vestnik-a-registre/vestnik?order=197&year=2021&date=
2021,198,https://www.uvo.gov.sk/vestnik-a-registre/vestnik?order=198&year=2021&date=
2021,199,https://www.uvo.gov.sk/vestnik-a-registre/vestnik?order=199&year=2021&date=
2021,200,https://www.uvo.gov.sk/vestnik-a-registre/vestnik?order=200&year=2021&date=
2021,201,https://www.uvo.gov.sk/vestnik-a-registre/vestnik?order=201&year=2021&date=
2021,202,https://www.uvo.gov.sk/vestnik-a-registre/vestnik?order=202&year=2021&date=
2021,203,https://www.uvo.gov.sk/vestnik-a-registre/vestnik?order=203&year=2021&date=
2021,204,https://www.uvo.gov.sk/vestnik-a-registre/vestnik?order=204&year=2021&date=
2021,205,https://www.uvo.gov.sk/vestnik-a-registre/vestnik?order=205&year=2021&date=
2021,206,https://www.uvo.gov.sk/vestnik-a-registre/vestnik?order=206&year=2021&date=
2021,207,https://www.uvo.gov.sk/vestnik-a-registre/vestnik?order=207&year=2021&date=
2021,208,https://www.uvo.gov.sk/vestnik-a-registre/vestnik?order=208&year=2021&date=
2021,209,https://www.uvo.gov.sk/vestnik-a-registre/vestnik?order=209&year=2021&date=
2021,210,https://www.uvo.gov.sk/vestnik-a-registre/vestnik?order=210&year=2021&date=
2021,211,https://www.uvo.gov.sk/vestnik-a-registre/vestnik?order=211&year=2021&date=
2021,212,https://www.uvo.gov.sk/vestnik-a-registre/vestnik?order=212&year=2021&date=
2021,213,https://www.uvo.gov.sk/vestnik-a-registre/vestnik?order=213&year=2021&date=
2021,214,https://www.uvo.gov.sk/vestnik-a-registre/vestnik?order=214&year=2021&date=
2021,215,https://www.uvo.gov.sk/vestnik-a-registre/vestnik?order=215&year=2021&date=
2021,216,https://www.uvo.gov.sk/vestnik-a-registre/vestnik?order=216&year=2021&date=
2021,217,https://www.uvo.gov.sk/vestnik-a-registre/vestnik?order=217&year=2021&date=
2021,218,https://www.uvo.gov.sk/vestnik-a-registre/vestnik?order=218&year=2021&date=
2021,219,https://www.uvo.gov.sk/vestnik-a-registre/vestnik?order=219&year=2021&date=
2021,220,https://www.uvo.gov.sk/vestnik-a-registre/vestnik?order=220&year=2021&date=
2021,221,https://www.uvo.gov.sk/vestnik-a-registre/vestnik?order=221&year=2021&date=
2021,222,https://www.uvo.gov.sk/vestnik-a-registre/vestnik?order=222&year=2021&date=
2021,223,https://www.uvo.gov.sk/vestnik-a-registre/vestnik?order=223&year=2021&date=
2021,224,https://www.uvo.gov.sk/vestnik-a-registre/vestnik?order=224&year=2021&date=
2021,225,https://www.uvo.gov.sk/vestnik-a-registre/vestnik?order=225&year=2021&date=
2021,226,https://www.uvo.gov.sk/vestnik-a-registre/vestnik?order=226&year=2021&date=
2021,227,https://www.uvo.gov.sk/vestnik-a-registre/vestnik?order=227&year=2021&date=
2021,228,https://www.uvo.gov.sk/vestnik-a-registre/vestnik?order=228&year=2021&date=
2021,229,https://www.uvo.gov.sk/vestnik-a-registre/vestnik?order=229&year=2021&date=
2021,230,https://www.uvo.gov.sk/vestnik-a-registre/vestnik?order=230&year=2021&date=
2021,231,https://www.uvo.gov.sk/vestnik-a-registre/vestnik?order=231&year=2021&date=
2021,232,https://www.uvo.gov.sk/vestnik-a-registre/vestnik?order=232&year=2021&date=
2021,233,https://www.uvo.gov.sk/vestnik-a-registre/vestnik?order=233&year=2021&date=
2021,234,https://www.uvo.gov.sk/vestnik-a-registre/vestnik?order=234&year=2021&date=
2021,235,https://www.uvo.gov.sk/vestnik-a-registre/vestnik?order=235&year=2021&date=
2021,236,https://www.uvo.gov.sk/vestnik-a-registre/vestnik?order=236&year=2021&date=
2021,237,https://www.uvo.gov.sk/vestnik-a-registre/vestnik?order=237&year=2021&date=
2021,238,https://www.uvo.gov.sk/vestnik-a-registre/vestnik?order=238&year=2021&date=
2021,239,https://www.uvo.gov.sk/vestnik-a-registre/vestnik?order=239&year=2021&date=
2021,240,https://www.uvo.gov.sk/vestnik-a-registre/vestnik?order=240&year=2021&date=
2021,241,https://www.uvo.gov.sk/vestnik-a-registre/vestnik?order=241&year=2021&date=
2021,242,https://www.uvo.gov.sk/vestnik-a-registre/vestnik?order=242&year=2021&date=
2021,243,https://www.uvo.gov.sk/vestnik-a-registre/vestnik?order=243&year=2021&date=
2021,244,https://www.uvo.gov.sk/vestnik-a-registre/vestnik?order=244&year=2021&date=
2021,245,https://www.uvo.gov.sk/vestnik-a-registre/vestnik?order=245&year=2021&date=
2021,246,https://www.uvo.gov.sk/vestnik-a-registre/vestnik?order=246&year=2021&date=
2021,247,https://www.uvo.gov.sk/vestnik-a-registre/vestnik?order=247&year=2021&date=
2021,248,https://www.uvo.gov.sk/vestnik-a-registre/vestnik?order=248&year=2021&date=
2021,249,https://www.uvo.gov.sk/vestnik-a-registre/vestnik?order=249&year=2021&date=
2021,250,https://www.uvo.gov.sk/vestnik-a-registre/vestnik?order=250&year=2021&date=
2021,251,https://www.uvo.gov.sk/vestnik-a-registre/vestnik?order=251&year=2021&date=
2021,252,https://www.uvo.gov.sk/vestnik-a-registre/vestnik?order=252&year=2021&date=
2021,253,https://www.uvo.gov.sk/vestnik-a-registre/vestnik?order=253&year=2021&date=
2021,254,https://www.uvo.gov.sk/vestnik-a-registre/vestnik?order=254&year=2021&date=
2021,255,https://www.uvo.gov.sk/vestnik-a-registre/vestnik?order=255&year=2021&date=
2021,256,https://www.uvo.gov.sk/vestnik-a-registre/vestnik?order=256&year=2021&date=
2021,257,https://www.uvo.gov.sk/vestnik-a-registre/vestnik?order=257&year=2021&date=
2021,258,https://www.uvo.gov.sk/vestnik-a-registre/vestnik?order=258&year=2021&date=
2021,259,https://www.uvo.gov.sk/vestnik-a-registre/vestnik?order=259&year=2021&date=
2021,260,https://www.uvo.gov.sk/vestnik-a-registre/vestnik?order=260&year=2021&date=
2022,1,https://www.uvo.gov.sk/vestnik-a-registre/vestnik?order=1&year=2022&date=
2022,2,https://www.uvo.gov.sk/vestnik-a-registre/vestnik?order=2&year=2022&date=
2022,3,https://www.uvo.gov.sk/vestnik-a-registre/vestnik?order=3&year=2022&date=
2022,4,https://www.uvo.gov.sk/vestnik-a-registre/vestnik?order=4&year=2022&date=
2022,5,https://www.uvo.gov.sk/vestnik-a-registre/vestnik?order=5&year=2022&date=
2022,6,https://www.uvo.gov.sk/vestnik-a-registre/vestnik?order=6&year=2022&date=
2022,7,https://www.uvo.gov.sk/vestnik-a-registre/vestnik?order=7&year=2022&date=
2022,8,https://www.uvo.gov.sk/vestnik-a-registre/vestnik?order=8&year=2022&date=
2022,9,https://www.uvo.gov.sk/vestnik-a-registre/vestnik?order=9&year=2022&date=
2022,10,https://www.uvo.gov.sk/vestnik-a-registre/vestnik?order=10&year=2022&date=
2022,11,https://www.uvo.gov.sk/vestnik-a-registre/vestnik?order=11&year=2022&date=
2022,12,https://www.uvo.gov.sk/vestnik-a-registre/vestnik?order=12&year=2022&date=
2022,13,https://www.uvo.gov.sk/vestnik-a-registre/vestnik?order=13&year=2022&date=
2022,14,https://www.uvo.gov.sk/vestnik-a-registre/vestnik?order=14&year=2022&date=
2022,15,https://www.uvo.gov.sk/vestnik-a-registre/vestnik?order=15&year=2022&date=
2022,16,https://www.uvo.gov.sk/vestnik-a-registre/vestnik?order=16&year=2022&date=
2022,17,https://www.uvo.gov.sk/vestnik-a-registre/vestnik?order=17&year=2022&date=
2022,18,https://www.uvo.gov.sk/vestnik-a-registre/vestnik?order=18&year=2022&date=
2022,19,https://www.uvo.gov.sk/vestnik-a-registre/vestnik?order=19&year=2022&date=
2022,20,https://www.uvo.gov.sk/vestnik-a-registre/vestnik?order=20&year=2022&date=
2022,21,https://www.uvo.gov.sk/vestnik-a-registre/vestnik?order=21&year=2022&date=
2022,22,https://www.uvo.gov.sk/vestnik-a-registre/vestnik?order=22&year=2022&date=
2022,23,https://www.uvo.gov.sk/vestnik-a-registre/vestnik?order=23&year=2022&date=
2022,24,https://www.uvo.gov.sk/vestnik-a-registre/vestnik?order=24&year=2022&date=
2022,25,https://www.uvo.gov.sk/vestnik-a-registre/vestnik?order=25&year=2022&date=
2022,26,https://www.uvo.gov.sk/vestnik-a-registre/vestnik?order=26&year=2022&date=
2022,27,https://www.uvo.gov.sk/vestnik-a-registre/vestnik?order=27&year=2022&date=
2022,28,https://www.uvo.gov.sk/vestnik-a-registre/vestnik?order=28&year=2022&date=
2022,29,https://www.uvo.gov.sk/vestnik-a-registre/vestnik?order=29&year=2022&date=
2022,30,https://www.uvo.gov.sk/vestnik-a-registre/vestnik?order=30&year=2022&date=
2022,31,https://www.uvo.gov.sk/vestnik-a-registre/vestnik?order=31&year=2022&date=
2022,32,https://www.uvo.gov.sk/vestnik-a-registre/vestnik?order=32&year=2022&date=
2022,33,https://www.uvo.gov.sk/vestnik-a-registre/vestnik?order=33&year=2022&date=
2022,34,https://www.uvo.gov.sk/vestnik-a-registre/vestnik?order=34&year=2022&date=
2022,35,https://www.uvo.gov.sk/vestnik-a-registre/vestnik?order=35&year=2022&date=
2022,36,https://www.uvo.gov.sk/vestnik-a-registre/vestnik?order=36&year=2022&date=
2022,37,https://www.uvo.gov.sk/vestnik-a-registre/vestnik?order=37&year=2022&date=
2022,38,https://www.uvo.gov.sk/vestnik-a-registre/vestnik?order=38&year=2022&date=
2022,39,https://www.uvo.gov.sk/vestnik-a-registre/vestnik?order=39&year=2022&date=
2022,40,https://www.uvo.gov.sk/vestnik-a-registre/vestnik?order=40&year=2022&date=
2022,41,https://www.uvo.gov.sk/vestnik-a-registre/vestnik?order=41&year=2022&date=
2022,42,https://www.uvo.gov.sk/vestnik-a-registre/vestnik?order=42&year=2022&date=
2022,43,https://www.uvo.gov.sk/vestnik-a-registre/vestnik?order=43&year=2022&date=
2022,44,https://www.uvo.gov.sk/vestnik-a-registre/vestnik?order=44&year=2022&date=
2022,45,https://www.uvo.gov.sk/vestnik-a-registre/vestnik?order=45&year=2022&date=
2022,46,https://www.uvo.gov.sk/vestnik-a-registre/vestnik?order=46&year=2022&date=
2022,47,https://www.uvo.gov.sk/vestnik-a-registre/vestnik?order=47&year=2022&date=
2022,48,https://www.uvo.gov.sk/vestnik-a-registre/vestnik?order=48&year=2022&date=
2022,49,https://www.uvo.gov.sk/vestnik-a-registre/vestnik?order=49&year=2022&date=
2022,50,https://www.uvo.gov.sk/vestnik-a-registre/vestnik?order=50&year=2022&date=
2022,51,https://www.uvo.gov.sk/vestnik-a-registre/vestnik?order=51&year=2022&date=
2022,52,https://www.uvo.gov.sk/vestnik-a-registre/vestnik?order=52&year=2022&date=
2022,53,https://www.uvo.gov.sk/vestnik-a-registre/vestnik?order=53&year=2022&date=
2022,54,https://www.uvo.gov.sk/vestnik-a-registre/vestnik?order=54&year=2022&date=
2022,55,https://www.uvo.gov.sk/vestnik-a-registre/vestnik?order=55&year=2022&date=
2022,56,https://www.uvo.gov.sk/vestnik-a-registre/vestnik?order=56&year=2022&date=
2022,57,https://www.uvo.gov.sk/vestnik-a-registre/vestnik?order=57&year=2022&date=
2022,58,https://www.uvo.gov.sk/vestnik-a-registre/vestnik?order=58&year=2022&date=
2022,59,https://www.uvo.gov.sk/vestnik-a-registre/vestnik?order=59&year=2022&date=
2022,60,https://www.uvo.gov.sk/vestnik-a-registre/vestnik?order=60&year=2022&date=
2022,61,https://www.uvo.gov.sk/vestnik-a-registre/vestnik?order=61&year=2022&date=
2022,62,https://www.uvo.gov.sk/vestnik-a-registre/vestnik?order=62&year=2022&date=
2022,63,https://www.uvo.gov.sk/vestnik-a-registre/vestnik?order=63&year=2022&date=
2022,64,https://www.uvo.gov.sk/vestnik-a-registre/vestnik?order=64&year=2022&date=
2022,65,https://www.uvo.gov.sk/vestnik-a-registre/vestnik?order=65&year=2022&date=
2022,66,https://www.uvo.gov.sk/vestnik-a-registre/vestnik?order=66&year=2022&date=
2022,67,https://www.uvo.gov.sk/vestnik-a-registre/vestnik?order=67&year=2022&date=
2022,68,https://www.uvo.gov.sk/vestnik-a-registre/vestnik?order=68&year=2022&date=
2022,69,https://www.uvo.gov.sk/vestnik-a-registre/vestnik?order=69&year=2022&date=
2022,70,https://www.uvo.gov.sk/vestnik-a-registre/vestnik?order=70&year=2022&date=
2022,71,https://www.uvo.gov.sk/vestnik-a-registre/vestnik?order=71&year=2022&date=
2022,72,https://www.uvo.gov.sk/vestnik-a-registre/vestnik?order=72&year=2022&date=
2022,73,https://www.uvo.gov.sk/vestnik-a-registre/vestnik?order=73&year=2022&date=
2022,74,https://www.uvo.gov.sk/vestnik-a-registre/vestnik?order=74&year=2022&date=
2022,75,https://www.uvo.gov.sk/vestnik-a-registre/vestnik?order=75&year=2022&date=
2022,76,https://www.uvo.gov.sk/vestnik-a-registre/vestnik?order=76&year=2022&date=
2022,77,https://www.uvo.gov.sk/vestnik-a-registre/vestnik?order=77&year=2022&date=
2022,78,https://www.uvo.gov.sk/vestnik-a-registre/vestnik?order=78&year=2022&date=
2022,79,https://www.uvo.gov.sk/vestnik-a-registre/vestnik?order=79&year=2022&date=
2022,80,https://www.uvo.gov.sk/vestnik-a-registre/vestnik?order=80&year=2022&date=
2022,81,https://www.uvo.gov.sk/vestnik-a-registre/vestnik?order=81&year=2022&date=
2022,82,https://www.uvo.gov.sk/vestnik-a-registre/vestnik?order=82&year=2022&date=
2022,83,https://www.uvo.gov.sk/vestnik-a-registre/vestnik?order=83&year=2022&date=
2022,84,https://www.uvo.gov.sk/vestnik-a-registre/vestnik?order=84&year=2022&date=
2022,85,https://www.uvo.gov.sk/vestnik-a-registre/vestnik?order=85&year=2022&date=
2022,86,https://www.uvo.gov.sk/vestnik-a-registre/vestnik?order=86&year=2022&date=
2022,87,https://www.uvo.gov.sk/vestnik-a-registre/vestnik?order=87&year=2022&date=
2022,88,https://www.uvo.gov.sk/vestnik-a-registre/vestnik?order=88&year=2022&date=
2022,89,https://www.uvo.gov.sk/vestnik-a-registre/vestnik?order=89&year=2022&date=
2022,90,https://www.uvo.gov.sk/vestnik-a-registre/vestnik?order=90&year=2022&date=
2022,91,https://www.uvo.gov.sk/vestnik-a-registre/vestnik?order=91&year=2022&date=
2022,92,https://www.uvo.gov.sk/vestnik-a-registre/vestnik?order=92&year=2022&date=
2022,93,https://www.uvo.gov.sk/vestnik-a-registre/vestnik?order=93&year=2022&date=
2022,94,https://www.uvo.gov.sk/vestnik-a-registre/vestnik?order=94&year=2022&date=
2022,95,https://www.uvo.gov.sk/vestnik-a-registre/vestnik?order=95&year=2022&date=
2022,96,https://www.uvo.gov.sk/vestnik-a-registre/vestnik?order=96&year=2022&date=
2022,97,https://www.uvo.gov.sk/vestnik-a-registre/vestnik?order=97&year=2022&date=
2022,98,https://www.uvo.gov.sk/vestnik-a-registre/vestnik?order=98&year=2022&date=
2022,99,https://www.uvo.gov.sk/vestnik-a-registre/vestnik?order=99&year=2022&date=
2022,100,https://www.uvo.gov.sk/vestnik-a-registre/vestnik?order=100&year=2022&date=
2022,101,https://www.uvo.gov.sk/vestnik-a-registre/vestnik?order=101&year=2022&date=
2022,102,https://www.uvo.gov.sk/vestnik-a-registre/vestnik?order=102&year=2022&date=
2022,103,https://www.uvo.gov.sk/vestnik-a-registre/vestnik?order=103&year=2022&date=
2022,104,https://www.uvo.gov.sk/vestnik-a-registre/vestnik?order=104&year=2022&date=
2022,105,https://www.uvo.gov.sk/vestnik-a-registre/vestnik?order=105&year=2022&date=
2022,106,https://www.uvo.gov.sk/vestnik-a-registre/vestnik?order=106&year=2022&date=
2022,107,https://www.uvo.gov.sk/vestnik-a-registre/vestnik?order=107&year=2022&date=
2022,108,https://www.uvo.gov.sk/vestnik-a-registre/vestnik?order=108&year=2022&date=
2022,109,https://www.uvo.gov.sk/vestnik-a-registre/vestnik?order=109&year=2022&date=
2022,110,https://www.uvo.gov.sk/vestnik-a-registre/vestnik?order=110&year=2022&date=
2022,111,https://www.uvo.gov.sk/vestnik-a-registre/vestnik?order=111&year=2022&date=
2022,112,https://www.uvo.gov.sk/vestnik-a-registre/vestnik?order=112&year=2022&date=
2022,113,https://www.uvo.gov.sk/vestnik-a-registre/vestnik?order=113&year=2022&date=
2022,114,https://www.uvo.gov.sk/vestnik-a-registre/vestnik?order=114&year=2022&date=
2022,115,https://www.uvo.gov.sk/vestnik-a-registre/vestnik?order=115&year=2022&date=
2022,116,https://www.uvo.gov.sk/vestnik-a-registre/vestnik?order=116&year=2022&date=
2022,117,https://www.uvo.gov.sk/vestnik-a-registre/vestnik?order=117&year=2022&date=
2022,118,https://www.uvo.gov.sk/vestnik-a-registre/vestnik?order=118&year=2022&date=
2022,119,https://www.uvo.gov.sk/vestnik-a-registre/vestnik?order=119&year=2022&date=
2022,120,https://www.uvo.gov.sk/vestnik-a-registre/vestnik?order=120&year=2022&date=
2022,121,https://www.uvo.gov.sk/vestnik-a-registre/vestnik?order=121&year=2022&date=
2022,122,https://www.uvo.gov.sk/vestnik-a-registre/vestnik?order=122&year=2022&date=
2022,123,https://www.uvo.gov.sk/vestnik-a-registre/vestnik?order=123&year=2022&date=
2022,124,https://www.uvo.gov.sk/vestnik-a-registre/vestnik?order=124&year=2022&date=
2022,125,https://www.uvo.gov.sk/vestnik-a-registre/vestnik?order=125&year=2022&date=
2022,126,https://www.uvo.gov.sk/vestnik-a-registre/vestnik?order=126&year=2022&date=
2022,127,https://www.uvo.gov.sk/vestnik-a-registre/vestnik?order=127&year=2022&date=
2022,128,https://www.uvo.gov.sk/vestnik-a-registre/vestnik?order=128&year=2022&date=
2022,129,https://www.uvo.gov.sk/vestnik-a-registre/vestnik?order=129&year=2022&date=
2022,130,https://www.uvo.gov.sk/vestnik-a-registre/vestnik?order=130&year=2022&date=
2022,131,https://www.uvo.gov.sk/vestnik-a-registre/vestnik?order=131&year=2022&date=
2022,132,https://www.uvo.gov.sk/vestnik-a-registre/vestnik?order=132&year=2022&date=
2022,133,https://www.uvo.gov.sk/vestnik-a-registre/vestnik?order=133&year=2022&date=
2022,134,https://www.uvo.gov.sk/vestnik-a-registre/vestnik?order=134&year=2022&date=
2022,135,https://www.uvo.gov.sk/vestnik-a-registre/vestnik?order=135&year=2022&date=
2022,136,https://www.uvo.gov.sk/vestnik-a-registre/vestnik?order=136&year=2022&date=
2022,137,https://www.uvo.gov.sk/vestnik-a-registre/vestnik?order=137&year=2022&date=
2022,138,https://www.uvo.gov.sk/vestnik-a-registre/vestnik?order=138&year=2022&date=
2022,139,https://www.uvo.gov.sk/vestnik-a-registre/vestnik?order=139&year=2022&date=
2022,140,https://www.uvo.gov.sk/vestnik-a-registre/vestnik?order=140&year=2022&date=
2022,141,https://www.uvo.gov.sk/vestnik-a-registre/vestnik?order=141&year=2022&date=
2022,142,https://www.uvo.gov.sk/vestnik-a-registre/vestnik?order=142&year=2022&date=
2022,143,https://www.uvo.gov.sk/vestnik-a-registre/vestnik?order=143&year=2022&date=
2022,144,https://www.uvo.gov.sk/vestnik-a-registre/vestnik?order=144&year=2022&date=
2022,145,https://www.uvo.gov.sk/vestnik-a-registre/vestnik?order=145&year=2022&date=
2022,146,https://www.uvo.gov.sk/vestnik-a-registre/vestnik?order=146&year=2022&date=
2022,147,https://www.uvo.gov.sk/vestnik-a-registre/vestnik?order=147&year=2022&date=
2022,148,https://www.uvo.gov.sk/vestnik-a-registre/vestnik?order=148&year=2022&date=
2022,149,https://www.uvo.gov.sk/vestnik-a-registre/vestnik?order=149&year=2022&date=
2022,150,https://www.uvo.gov.sk/vestnik-a-registre/vestnik?order=150&year=2022&date=
2022,151,https://www.uvo.gov.sk/vestnik-a-registre/vestnik?order=151&year=2022&date=
2022,152,https://www.uvo.gov.sk/vestnik-a-registre/vestnik?order=152&year=2022&date=
2022,153,https://www.uvo.gov.sk/vestnik-a-registre/vestnik?order=153&year=2022&date=
2022,154,https://www.uvo.gov.sk/vestnik-a-registre/vestnik?order=154&year=2022&date=
2022,155,https://www.uvo.gov.sk/vestnik-a-registre/vestnik?order=155&year=2022&date=
2022,156,https://www.uvo.gov.sk/vestnik-a-registre/vestnik?order=156&year=2022&date=
2022,157,https://www.uvo.gov.sk/vestnik-a-registre/vestnik?order=157&year=2022&date=
2022,158,https://www.uvo.gov.sk/vestnik-a-registre/vestnik?order=158&year=2022&date=
2022,159,https://www.uvo.gov.sk/vestnik-a-registre/vestnik?order=159&year=2022&date=
2022,160,https://www.uvo.gov.sk/vestnik-a-registre/vestnik?order=160&year=2022&date=
2022,161,https://www.uvo.gov.sk/vestnik-a-registre/vestnik?order=161&year=2022&date=
2022,162,https://www.uvo.gov.sk/vestnik-a-registre/vestnik?order=162&year=2022&date=
2022,163,https://www.uvo.gov.sk/vestnik-a-registre/vestnik?order=163&year=2022&date=
2022,164,https://www.uvo.gov.sk/vestnik-a-registre/vestnik?order=164&year=2022&date=
2022,165,https://www.uvo.gov.sk/vestnik-a-registre/vestnik?order=165&year=2022&date=
2022,166,https://www.uvo.gov.sk/vestnik-a-registre/vestnik?order=166&year=2022&date=
2022,167,https://www.uvo.gov.sk/vestnik-a-registre/vestnik?order=167&year=2022&date=
2022,168,https://www.uvo.gov.sk/vestnik-a-registre/vestnik?order=168&year=2022&date=
2022,169,https://www.uvo.gov.sk/vestnik-a-registre/vestnik?order=169&year=2022&date=
2022,170,https://www.uvo.gov.sk/vestnik-a-registre/vestnik?order=170&year=2022&date=
2022,171,https://www.uvo.gov.sk/vestnik-a-registre/vestnik?order=171&year=2022&date=
2022,172,https://www.uvo.gov.sk/vestnik-a-registre/vestnik?order=172&year=2022&date=
2022,173,https://www.uvo.gov.sk/vestnik-a-registre/vestnik?order=173&year=2022&date=
2022,174,https://www.uvo.gov.sk/vestnik-a-registre/vestnik?order=174&year=2022&date=
2022,175,https://www.uvo.gov.sk/vestnik-a-registre/vestnik?order=175&year=2022&date=
2022,176,https://www.uvo.gov.sk/vestnik-a-registre/vestnik?order=176&year=2022&date=
2022,177,https://www.uvo.gov.sk/vestnik-a-registre/vestnik?order=177&year=2022&date=
2022,178,https://www.uvo.gov.sk/vestnik-a-registre/vestnik?order=178&year=2022&date=
2022,179,https://www.uvo.gov.sk/vestnik-a-registre/vestnik?order=179&year=2022&date=
2022,180,https://www.uvo.gov.sk/vestnik-a-registre/vestnik?order=180&year=2022&date=
2022,181,https://www.uvo.gov.sk/vestnik-a-registre/vestnik?order=181&year=2022&date=
2022,182,https://www.uvo.gov.sk/vestnik-a-registre/vestnik?order=182&year=2022&date=
2022,183,https://www.uvo.gov.sk/vestnik-a-registre/vestnik?order=183&year=2022&date=
2022,184,https://www.uvo.gov.sk/vestnik-a-registre/vestnik?order=184&year=2022&date=
2022,185,https://www.uvo.gov.sk/vestnik-a-registre/vestnik?order=185&year=2022&date=
2022,186,https://www.uvo.gov.sk/vestnik-a-registre/vestnik?order=186&year=2022&date=
2022,187,https://www.uvo.gov.sk/vestnik-a-registre/vestnik?order=187&year=2022&date=
2022,188,https://www.uvo.gov.sk/vestnik-a-registre/vestnik?order=188&year=2022&date=
2022,189,https://www.uvo.gov.sk/vestnik-a-registre/vestnik?order=189&year=2022&date=
2022,190,https://www.uvo.gov.sk/vestnik-a-registre/vestnik?order=190&year=2022&date=
2022,191,https://www.uvo.gov.sk/vestnik-a-registre/vestnik?order=191&year=2022&date=
2022,192,https://www.uvo.gov.sk/vestnik-a-registre/vestnik?order=192&year=2022&date=
2022,193,https://www.uvo.gov.sk/vestnik-a-registre/vestnik?order=193&year=2022&date=
2022,194,https://www.uvo.gov.sk/vestnik-a-registre/vestnik?order=194&year=2022&date=
2022,195,https://www.uvo.gov.sk/vestnik-a-registre/vestnik?order=195&year=2022&date=
2022,196,https://www.uvo.gov.sk/vestnik-a-registre/vestnik?order=196&year=2022&date=
2022,197,https://www.uvo.gov.sk/vestnik-a-registre/vestnik?order=197&year=2022&date=
2022,198,https://www.uvo.gov.sk/vestnik-a-registre/vestnik?order=198&year=2022&date=
2022,199,https://www.uvo.gov.sk/vestnik-a-registre/vestnik?order=199&year=2022&date=
2022,200,https://www.uvo.gov.sk/vestnik-a-registre/vestnik?order=200&year=2022&date=
2022,201,https://www.uvo.gov.sk/vestnik-a-registre/vestnik?order=201&year=2022&date=
2022,202,https://www.uvo.gov.sk/vestnik-a-registre/vestnik?order=202&year=2022&date=
2022,203,https://www.uvo.gov.sk/vestnik-a-registre/vestnik?order=203&year=2022&date=
2022,204,https://www.uvo.gov.sk/vestnik-a-registre/vestnik?order=204&year=2022&date=
2022,205,https://www.uvo.gov.sk/vestnik-a-registre/vestnik?order=205&year=2022&date=
2022,206,https://www.uvo.gov.sk/vestnik-a-registre/vestnik?order=206&year=2022&date=
2022,207,https://www.uvo.gov.sk/vestnik-a-registre/vestnik?order=207&year=2022&date=
2022,208,https://www.uvo.gov.sk/vestnik-a-registre/vestnik?order=208&year=2022&date=
2022,209,https://www.uvo.gov.sk/vestnik-a-registre/vestnik?order=209&year=2022&date=
2022,210,https://www.uvo.gov.sk/vestnik-a-registre/vestnik?order=210&year=2022&date=
2022,211,https://www.uvo.gov.sk/vestnik-a-registre/vestnik?order=211&year=2022&date=
2022,212,https://www.uvo.gov.sk/vestnik-a-registre/vestnik?order=212&year=2022&date=
2022,213,https://www.uvo.gov.sk/vestnik-a-registre/vestnik?order=213&year=2022&date=
2022,214,https://www.uvo.gov.sk/vestnik-a-registre/vestnik?order=214&year=2022&date=
2022,215,https://www.uvo.gov.sk/vestnik-a-registre/vestnik?order=215&year=2022&date=
2022,216,https://www.uvo.gov.sk/vestnik-a-registre/vestnik?order=216&year=2022&date=
2022,217,https://www.uvo.gov.sk/vestnik-a-registre/vestnik?order=217&year=2022&date=
2022,218,https://www.uvo.gov.sk/vestnik-a-registre/vestnik?order=218&year=2022&date=
2022,219,https://www.uvo.gov.sk/vestnik-a-registre/vestnik?order=219&year=2022&date=
2022,220,https://www.uvo.gov.sk/vestnik-a-registre/vestnik?order=220&year=2022&date=
2022,221,https://www.uvo.gov.sk/vestnik-a-registre/vestnik?order=221&year=2022&date=
2022,222,https://www.uvo.gov.sk/vestnik-a-registre/vestnik?order=222&year=2022&date=
2022,223,https://www.uvo.gov.sk/vestnik-a-registre/vestnik?order=223&year=2022&date=
2022,224,https://www.uvo.gov.sk/vestnik-a-registre/vestnik?order=224&year=2022&date=
2022,225,https://www.uvo.gov.sk/vestnik-a-registre/vestnik?order=225&year=2022&date=
2022,226,https://www.uvo.gov.sk/vestnik-a-registre/vestnik?order=226&year=2022&date=
2022,227,https://www.uvo.gov.sk/vestnik-a-registre/vestnik?order=227&year=2022&date=
2022,228,https://www.uvo.gov.sk/vestnik-a-registre/vestnik?order=228&year=2022&date=
2022,229,https://www.uvo.gov.sk/vestnik-a-registre/vestnik?order=229&year=2022&date=
2022,230,https://www.uvo.gov.sk/vestnik-a-registre/vestnik?order=230&year=2022&date=
2022,231,https://www.uvo.gov.sk/vestnik-a-registre/vestnik?order=231&year=2022&date=
2022,232,https://www.uvo.gov.sk/vestnik-a-registre/vestnik?order=232&year=2022&date=
2022,233,https://www.uvo.gov.sk/vestnik-a-registre/vestnik?order=233&year=2022&date=
2022,234,https://www.uvo.gov.sk/vestnik-a-registre/vestnik?order=234&year=2022&date=
2022,235,https://www.uvo.gov.sk/vestnik-a-registre/vestnik?order=235&year=2022&date=
2022,236,https://www.uvo.gov.sk/vestnik-a-registre/vestnik?order=236&year=2022&date=
2022,237,https://www.uvo.gov.sk/vestnik-a-registre/vestnik?order=237&year=2022&date=
2022,238,https://www.uvo.gov.sk/vestnik-a-registre/vestnik?order=238&year=2022&date=
2022,239,https://www.uvo.gov.sk/vestnik-a-registre/vestnik?order=239&year=2022&date=
2022,240,https://www.uvo.gov.sk/vestnik-a-registre/vestnik?order=240&year=2022&date=
2022,241,https://www.uvo.gov.sk/vestnik-a-registre/vestnik?order=241&year=2022&date=
2022,242,https://www.uvo.gov.sk/vestnik-a-registre/vestnik?order=242&year=2022&date=
2022,243,https://www.uvo.gov.sk/vestnik-a-registre/vestnik?order=243&year=2022&date=
2022,244,https://www.uvo.gov.sk/vestnik-a-registre/vestnik?order=244&year=2022&date=
2022,245,https://www.uvo.gov.sk/vestnik-a-registre/vestnik?order=245&year=2022&date=
2022,246,https://www.uvo.gov.sk/vestnik-a-registre/vestnik?order=246&year=2022&date=
2022,247,https://www.uvo.gov.sk/vestnik-a-registre/vestnik?order=247&year=2022&date=
2022,248,https://www.uvo.gov.sk/vestnik-a-registre/vestnik?order=248&year=2022&date=
2022,249,https://www.uvo.gov.sk/vestnik-a-registre/vestnik?order=249&year=2022&date=
2022,250,https://www.uvo.gov.sk/vestnik-a-registre/vestnik?order=250&year=2022&date=
2022,251,https://www.uvo.gov.sk/vestnik-a-registre/vestnik?order=251&year=2022&date=
2022,252,https://www.uvo.gov.sk/vestnik-a-registre/vestnik?order=252&year=2022&date=
2022,253,https://www.uvo.gov.sk/vestnik-a-registre/vestnik?order=253&year=2022&date=
2022,254,https://www.uvo.gov.sk/vestnik-a-registre/vestnik?order=254&year=2022&date=
2022,255,https://www.uvo.gov.sk/vestnik-a-registre/vestnik?order=255&year=2022&date=
2022,256,https://www.uvo.gov.sk/vestnik-a-registre/vestnik?order=256&year=2022&date=
2022,257,https://www.uvo.gov.sk/vestnik-a-registre/vestnik?order=257&year=2022&date=
2022,258,https://www.uvo.gov.sk/vestnik-a-registre/vestnik?order=258&year=2022&date=
2022,259,https://www.uvo.gov.sk/vestnik-a-registre/vestnik?order=259&year=2022&date=
2022,260,https://www.uvo.gov.sk/vestnik-a-registre/vestnik?order=260&year=2022&date=
2023,1,https://www.uvo.gov.sk/vestnik-a-registre/vestnik?order=1&year=2023&date=
2023,2,https://www.uvo.gov.sk/vestnik-a-registre/vestnik?order=2&year=2023&date=
2023,3,https://www.uvo.gov.sk/vestnik-a-registre/vestnik?order=3&year=2023&date=
2023,4,https://www.uvo.gov.sk/vestnik-a-registre/vestnik?order=4&year=2023&date=
2023,5,https://www.uvo.gov.sk/vestnik-a-registre/vestnik?order=5&year=2023&date=
2023,6,https://www.uvo.gov.sk/vestnik-a-registre/vestnik?order=6&year=2023&date=
2023,7,https://www.uvo.gov.sk/vestnik-a-registre/vestnik?order=7&year=2023&date=
2023,8,https://www.uvo.gov.sk/vestnik-a-registre/vestnik?order=8&year=2023&date=
2023,9,https://www.uvo.gov.sk/vestnik-a-registre/vestnik?order=9&year=2023&date=
2023,10,https://www.uvo.gov.sk/vestnik-a-registre/vestnik?order=10&year=2023&date=
2023,11,https://www.uvo.gov.sk/vestnik-a-registre/vestnik?order=11&year=2023&date=
2023,12,https://www.uvo.gov.sk/vestnik-a-registre/vestnik?order=12&year=2023&date=
2023,13,https://www.uvo.gov.sk/vestnik-a-registre/vestnik?order=13&year=2023&date=
2023,14,https://www.uvo.gov.sk/vestnik-a-registre/vestnik?order=14&year=2023&date=
2023,15,https://www.uvo.gov.sk/vestnik-a-registre/vestnik?order=15&year=2023&date=
2023,16,https://www.uvo.gov.sk/vestnik-a-registre/vestnik?order=16&year=2023&date=
2023,17,https://www.uvo.gov.sk/vestnik-a-registre/vestnik?order=17&year=2023&date=
2023,18,https://www.uvo.gov.sk/vestnik-a-registre/vestnik?order=18&year=2023&date=
2023,19,https://www.uvo.gov.sk/vestnik-a-registre/vestnik?order=19&year=2023&date=
2023,20,https://www.uvo.gov.sk/vestnik-a-registre/vestnik?order=20&year=2023&date=
2023,21,https://www.uvo.gov.sk/vestnik-a-registre/vestnik?order=21&year=2023&date=
2023,22,https://www.uvo.gov.sk/vestnik-a-registre/vestnik?order=22&year=2023&date=
2023,23,https://www.uvo.gov.sk/vestnik-a-registre/vestnik?order=23&year=2023&date=
2023,24,https://www.uvo.gov.sk/vestnik-a-registre/vestnik?order=24&year=2023&date=
2023,25,https://www.uvo.gov.sk/vestnik-a-registre/vestnik?order=25&year=2023&date=
2023,26,https://www.uvo.gov.sk/vestnik-a-registre/vestnik?order=26&year=2023&date=
2023,27,https://www.uvo.gov.sk/vestnik-a-registre/vestnik?order=27&year=2023&date=
2023,28,https://www.uvo.gov.sk/vestnik-a-registre/vestnik?order=28&year=2023&date=
2023,29,https://www.uvo.gov.sk/vestnik-a-registre/vestnik?order=29&year=2023&date=
2023,30,https://www.uvo.gov.sk/vestnik-a-registre/vestnik?order=30&year=2023&date=
2023,31,https://www.uvo.gov.sk/vestnik-a-registre/vestnik?order=31&year=2023&date=
2023,32,https://www.uvo.gov.sk/vestnik-a-registre/vestnik?order=32&year=2023&date=
2023,33,https://www.uvo.gov.sk/vestnik-a-registre/vestnik?order=33&year=2023&date=
2023,34,https://www.uvo.gov.sk/vestnik-a-registre/vestnik?order=34&year=2023&date=
2023,35,https://www.uvo.gov.sk/vestnik-a-registre/vestnik?order=35&year=2023&date=
2023,36,https://www.uvo.gov.sk/vestnik-a-registre/vestnik?order=36&year=2023&date=
2023,37,https://www.uvo.gov.sk/vestnik-a-registre/vestnik?order=37&year=2023&date=
2023,38,https://www.uvo.gov.sk/vestnik-a-registre/vestnik?order=38&year=2023&date=
2023,39,https://www.uvo.gov.sk/vestnik-a-registre/vestnik?order=39&year=2023&date=
2023,40,https://www.uvo.gov.sk/vestnik-a-registre/vestnik?order=40&year=2023&date=
2023,41,https://www.uvo.gov.sk/vestnik-a-registre/vestnik?order=41&year=2023&date=
2023,42,https://www.uvo.gov.sk/vestnik-a-registre/vestnik?order=42&year=2023&date=
2023,43,https://www.uvo.gov.sk/vestnik-a-registre/vestnik?order=43&year=2023&date=
2023,44,https://www.uvo.gov.sk/vestnik-a-registre/vestnik?order=44&year=2023&date=
2023,45,https://www.uvo.gov.sk/vestnik-a-registre/vestnik?order=45&year=2023&date=
2023,46,https://www.uvo.gov.sk/vestnik-a-registre/vestnik?order=46&year=2023&date=
2023,47,https://www.uvo.gov.sk/vestnik-a-registre/vestnik?order=47&year=2023&date=
2023,48,https://www.uvo.gov.sk/vestnik-a-registre/vestnik?order=48&year=2023&date=
2023,49,https://www.uvo.gov.sk/vestnik-a-registre/vestnik?order=49&year=2023&date=
2023,50,https://www.uvo.gov.sk/vestnik-a-registre/vestnik?order=50&year=2023&date=
2023,51,https://www.uvo.gov.sk/vestnik-a-registre/vestnik?order=51&year=2023&date=
2023,52,https://www.uvo.gov.sk/vestnik-a-registre/vestnik?order=52&year=2023&date=
2023,53,https://www.uvo.gov.sk/vestnik-a-registre/vestnik?order=53&year=2023&date=
2023,54,https://www.uvo.gov.sk/vestnik-a-registre/vestnik?order=54&year=2023&date=
2023,55,https://www.uvo.gov.sk/vestnik-a-registre/vestnik?order=55&year=2023&date=
2023,56,https://www.uvo.gov.sk/vestnik-a-registre/vestnik?order=56&year=2023&date=
2023,57,https://www.uvo.gov.sk/vestnik-a-registre/vestnik?order=57&year=2023&date=
2023,58,https://www.uvo.gov.sk/vestnik-a-registre/vestnik?order=58&year=2023&date=
2023,59,https://www.uvo.gov.sk/vestnik-a-registre/vestnik?order=59&year=2023&date=
2023,60,https://www.uvo.gov.sk/vestnik-a-registre/vestnik?order=60&year=2023&date=
2023,61,https://www.uvo.gov.sk/vestnik-a-registre/vestnik?order=61&year=2023&date=
2023,62,https://www.uvo.gov.sk/vestnik-a-registre/vestnik?order=62&year=2023&date=
2023,63,https://www.uvo.gov.sk/vestnik-a-registre/vestnik?order=63&year=2023&date=
2023,64,https://www.uvo.gov.sk/vestnik-a-registre/vestnik?order=64&year=2023&date=
2023,65,https://www.uvo.gov.sk/vestnik-a-registre/vestnik?order=65&year=2023&date=
2023,66,https://www.uvo.gov.sk/vestnik-a-registre/vestnik?order=66&year=2023&date=
2023,67,https://www.uvo.gov.sk/vestnik-a-registre/vestnik?order=67&year=2023&date=
2023,68,https://www.uvo.gov.sk/vestnik-a-registre/vestnik?order=68&year=2023&date=
2023,69,https://www.uvo.gov.sk/vestnik-a-registre/vestnik?order=69&year=2023&date=
2023,70,https://www.uvo.gov.sk/vestnik-a-registre/vestnik?order=70&year=2023&date=
2023,71,https://www.uvo.gov.sk/vestnik-a-registre/vestnik?order=71&year=2023&date=
2023,72,https://www.uvo.gov.sk/vestnik-a-registre/vestnik?order=72&year=2023&date=
2023,73,https://www.uvo.gov.sk/vestnik-a-registre/vestnik?order=73&year=2023&date=
2023,74,https://www.uvo.gov.sk/vestnik-a-registre/vestnik?order=74&year=2023&date=
2023,75,https://www.uvo.gov.sk/vestnik-a-registre/vestnik?order=75&year=2023&date=
2023,76,https://www.uvo.gov.sk/vestnik-a-registre/vestnik?order=76&year=2023&date=
2023,77,https://www.uvo.gov.sk/vestnik-a-registre/vestnik?order=77&year=2023&date=
2023,78,https://www.uvo.gov.sk/vestnik-a-registre/vestnik?order=78&year=2023&date=
2023,79,https://www.uvo.gov.sk/vestnik-a-registre/vestnik?order=79&year=2023&date=
2023,80,https://www.uvo.gov.sk/vestnik-a-registre/vestnik?order=80&year=2023&date=
2023,81,https://www.uvo.gov.sk/vestnik-a-registre/vestnik?order=81&year=2023&date=
2023,82,https://www.uvo.gov.sk/vestnik-a-registre/vestnik?order=82&year=2023&date=
2023,83,https://www.uvo.gov.sk/vestnik-a-registre/vestnik?order=83&year=2023&date=
2023,84,https://www.uvo.gov.sk/vestnik-a-registre/vestnik?order=84&year=2023&date=
2023,85,https://www.uvo.gov.sk/vestnik-a-registre/vestnik?order=85&year=2023&date=
2023,86,https://www.uvo.gov.sk/vestnik-a-registre/vestnik?order=86&year=2023&date=
2023,87,https://www.uvo.gov.sk/vestnik-a-registre/vestnik?order=87&year=2023&date=
2023,88,https://www.uvo.gov.sk/vestnik-a-registre/vestnik?order=88&year=2023&date=
2023,89,https://www.uvo.gov.sk/vestnik-a-registre/vestnik?order=89&year=2023&date=
2023,90,https://www.uvo.gov.sk/vestnik-a-registre/vestnik?order=90&year=2023&date=
2023,91,https://www.uvo.gov.sk/vestnik-a-registre/vestnik?order=91&year=2023&date=
2023,92,https://www.uvo.gov.sk/vestnik-a-registre/vestnik?order=92&year=2023&date=
2023,93,https://www.uvo.gov.sk/vestnik-a-registre/vestnik?order=93&year=2023&date=
2023,94,https://www.uvo.gov.sk/vestnik-a-registre/vestnik?order=94&year=2023&date=
2023,95,https://www.uvo.gov.sk/vestnik-a-registre/vestnik?order=95&year=2023&date=
2023,96,https://www.uvo.gov.sk/vestnik-a-registre/vestnik?order=96&year=2023&date=
2023,97,https://www.uvo.gov.sk/vestnik-a-registre/vestnik?order=97&year=2023&date=
2023,98,https://www.uvo.gov.sk/vestnik-a-registre/vestnik?order=98&year=2023&date=
2023,99,https://www.uvo.gov.sk/vestnik-a-registre/vestnik?order=99&year=2023&date=
2023,100,https://www.uvo.gov.sk/vestnik-a-registre/vestnik?order=100&year=2023&date=
2023,101,https://www.uvo.gov.sk/vestnik-a-registre/vestnik?order=101&year=2023&date=
2023,102,https://www.uvo.gov.sk/vestnik-a-registre/vestnik?order=102&year=2023&date=
2023,103,https://www.uvo.gov.sk/vestnik-a-registre/vestnik?order=103&year=2023&date=
2023,104,https://www.uvo.gov.sk/vestnik-a-registre/vestnik?order=104&year=2023&date=
2023,105,https://www.uvo.gov.sk/vestnik-a-registre/vestnik?order=105&year=2023&date=
2023,106,https://www.uvo.gov.sk/vestnik-a-registre/vestnik?order=106&year=2023&date=
2023,107,https://www.uvo.gov.sk/vestnik-a-registre/vestnik?order=107&year=2023&date=
2023,108,https://www.uvo.gov.sk/vestnik-a-registre/vestnik?order=108&year=2023&date=
2023,109,https://www.uvo.gov.sk/vestnik-a-registre/vestnik?order=109&year=2023&date=
2023,110,https://www.uvo.gov.sk/vestnik-a-registre/vestnik?order=110&year=2023&date=
2023,111,https://www.uvo.gov.sk/vestnik-a-registre/vestnik?order=111&year=2023&date=
2023,112,https://www.uvo.gov.sk/vestnik-a-registre/vestnik?order=112&year=2023&date=
2023,113,https://www.uvo.gov.sk/vestnik-a-registre/vestnik?order=113&year=2023&date=
2023,114,https://www.uvo.gov.sk/vestnik-a-registre/vestnik?order=114&year=2023&date=
2023,115,https://www.uvo.gov.sk/vestnik-a-registre/vestnik?order=115&year=2023&date=
2023,116,https://www.uvo.gov.sk/vestnik-a-registre/vestnik?order=116&year=2023&date=
2023,117,https://www.uvo.gov.sk/vestnik-a-registre/vestnik?order=117&year=2023&date=
2023,118,https://www.uvo.gov.sk/vestnik-a-registre/vestnik?order=118&year=2023&date=
2023,119,https://www.uvo.gov.sk/vestnik-a-registre/vestnik?order=119&year=2023&date=
2023,120,https://www.uvo.gov.sk/vestnik-a-registre/vestnik?order=120&year=2023&date=
2023,121,https://www.uvo.gov.sk/vestnik-a-registre/vestnik?order=121&year=2023&date=
2023,122,https://www.uvo.gov.sk/vestnik-a-registre/vestnik?order=122&year=2023&date=
2023,123,https://www.uvo.gov.sk/vestnik-a-registre/vestnik?order=123&year=2023&date=
2023,124,https://www.uvo.gov.sk/vestnik-a-registre/vestnik?order=124&year=2023&date=
2023,125,https://www.uvo.gov.sk/vestnik-a-registre/vestnik?order=125&year=2023&date=
2023,126,https://www.uvo.gov.sk/vestnik-a-registre/vestnik?order=126&year=2023&date=
2023,127,https://www.uvo.gov.sk/vestnik-a-registre/vestnik?order=127&year=2023&date=
2023,128,https://www.uvo.gov.sk/vestnik-a-registre/vestnik?order=128&year=2023&date=
2023,129,https://www.uvo.gov.sk/vestnik-a-registre/vestnik?order=129&year=2023&date=
2023,130,https://www.uvo.gov.sk/vestnik-a-registre/vestnik?order=130&year=2023&date=
2023,131,https://www.uvo.gov.sk/vestnik-a-registre/vestnik?order=131&year=2023&date=
2023,132,https://www.uvo.gov.sk/vestnik-a-registre/vestnik?order=132&year=2023&date=
2023,133,https://www.uvo.gov.sk/vestnik-a-registre/vestnik?order=133&year=2023&date=
2023,134,https://www.uvo.gov.sk/vestnik-a-registre/vestnik?order=134&year=2023&date=
2023,135,https://www.uvo.gov.sk/vestnik-a-registre/vestnik?order=135&year=2023&date=
2023,136,https://www.uvo.gov.sk/vestnik-a-registre/vestnik?order=136&year=2023&date=
2023,137,https://www.uvo.gov.sk/vestnik-a-registre/vestnik?order=137&year=2023&date=
2023,138,https://www.uvo.gov.sk/vestnik-a-registre/vestnik?order=138&year=2023&date=
2023,139,https://www.uvo.gov.sk/vestnik-a-registre/vestnik?order=139&year=2023&date=
2023,140,https://www.uvo.gov.sk/vestnik-a-registre/vestnik?order=140&year=2023&date=
2023,141,https://www.uvo.gov.sk/vestnik-a-registre/vestnik?order=141&year=2023&date=
2023,142,https://www.uvo.gov.sk/vestnik-a-registre/vestnik?order=142&year=2023&date=
2023,143,https://www.uvo.gov.sk/vestnik-a-registre/vestnik?order=143&year=2023&date=
2023,144,https://www.uvo.gov.sk/vestnik-a-registre/vestnik?order=144&year=2023&date=
2023,145,https://www.uvo.gov.sk/vestnik-a-registre/vestnik?order=145&year=2023&date=
2023,146,https://www.uvo.gov.sk/vestnik-a-registre/vestnik?order=146&year=2023&date=
2023,147,https://www.uvo.gov.sk/vestnik-a-registre/vestnik?order=147&year=2023&date=
2023,148,https://www.uvo.gov.sk/vestnik-a-registre/vestnik?order=148&year=2023&date=
2023,149,https://www.uvo.gov.sk/vestnik-a-registre/vestnik?order=149&year=2023&date=
2023,150,https://www.uvo.gov.sk/vestnik-a-registre/vestnik?order=150&year=2023&date=
2023,151,https://www.uvo.gov.sk/vestnik-a-registre/vestnik?order=151&year=2023&date=
2023,152,https://www.uvo.gov.sk/vestnik-a-registre/vestnik?order=152&year=2023&date=
2023,153,https://www.uvo.gov.sk/vestnik-a-registre/vestnik?order=153&year=2023&date=
2023,154,https://www.uvo.gov.sk/vestnik-a-registre/vestnik?order=154&year=2023&date=
2023,155,https://www.uvo.gov.sk/vestnik-a-registre/vestnik?order=155&year=2023&date=
2023,156,https://www.uvo.gov.sk/vestnik-a-registre/vestnik?order=156&year=2023&date=
2023,157,https://www.uvo.gov.sk/vestnik-a-registre/vestnik?order=157&year=2023&date=
2023,158,https://www.uvo.gov.sk/vestnik-a-registre/vestnik?order=158&year=2023&date=
2023,159,https://www.uvo.gov.sk/vestnik-a-registre/vestnik?order=159&year=2023&date=
2023,160,https://www.uvo.gov.sk/vestnik-a-registre/vestnik?order=160&year=2023&date=
2023,161,https://www.uvo.gov.sk/vestnik-a-registre/vestnik?order=161&year=2023&date=
2023,162,https://www.uvo.gov.sk/vestnik-a-registre/vestnik?order=162&year=2023&date=
2023,163,https://www.uvo.gov.sk/vestnik-a-registre/vestnik?order=163&year=2023&date=
2023,164,https://www.uvo.gov.sk/vestnik-a-registre/vestnik?order=164&year=2023&date=
2023,165,https://www.uvo.gov.sk/vestnik-a-registre/vestnik?order=165&year=2023&date=
2023,166,https://www.uvo.gov.sk/vestnik-a-registre/vestnik?order=166&year=2023&date=
2023,167,https://www.uvo.gov.sk/vestnik-a-registre/vestnik?order=167&year=2023&date=
2023,168,https://www.uvo.gov.sk/vestnik-a-registre/vestnik?order=168&year=2023&date=
2023,169,https://www.uvo.gov.sk/vestnik-a-registre/vestnik?order=169&year=2023&date=
2023,170,https://www.uvo.gov.sk/vestnik-a-registre/vestnik?order=170&year=2023&date=
2023,171,https://www.uvo.gov.sk/vestnik-a-registre/vestnik?order=171&year=2023&date=
2023,172,https://www.uvo.gov.sk/vestnik-a-registre/vestnik?order=172&year=2023&date=
2023,173,https://www.uvo.gov.sk/vestnik-a-registre/vestnik?order=173&year=2023&date=
2023,174,https://www.uvo.gov.sk/vestnik-a-registre/vestnik?order=174&year=2023&date=
2023,175,https://www.uvo.gov.sk/vestnik-a-registre/vestnik?order=175&year=2023&date=
2023,176,https://www.uvo.gov.sk/vestnik-a-registre/vestnik?order=176&year=2023&date=
2023,177,https://www.uvo.gov.sk/vestnik-a-registre/vestnik?order=177&year=2023&date=
2023,178,https://www.uvo.gov.sk/vestnik-a-registre/vestnik?order=178&year=2023&date=
2023,179,https://www.uvo.gov.sk/vestnik-a-registre/vestnik?order=179&year=2023&date=
2023,180,https://www.uvo.gov.sk/vestnik-a-registre/vestnik?order=180&year=2023&date=
2023,181,https://www.uvo.gov.sk/vestnik-a-registre/vestnik?order=181&year=2023&date=
2023,182,https://www.uvo.gov.sk/vestnik-a-registre/vestnik?order=182&year=2023&date=
2023,183,https://www.uvo.gov.sk/vestnik-a-registre/vestnik?order=183&year=2023&date=
2023,184,https://www.uvo.gov.sk/vestnik-a-registre/vestnik?order=184&year=2023&date=
2023,185,https://www.uvo.gov.sk/vestnik-a-registre/vestnik?order=185&year=2023&date=
2023,186,https://www.uvo.gov.sk/vestnik-a-registre/vestnik?order=186&year=2023&date=
2023,187,https://www.uvo.gov.sk/vestnik-a-registre/vestnik?order=187&year=2023&date=
2023,188,https://www.uvo.gov.sk/vestnik-a-registre/vestnik?order=188&year=2023&date=
2023,189,https://www.uvo.gov.sk/vestnik-a-registre/vestnik?order=189&year=2023&date=
2023,190,https://www.uvo.gov.sk/vestnik-a-registre/vestnik?order=190&year=2023&date=
2023,191,https://www.uvo.gov.sk/vestnik-a-registre/vestnik?order=191&year=2023&date=
2023,192,https://www.uvo.gov.sk/vestnik-a-registre/vestnik?order=192&year=2023&date=
2023,193,https://www.uvo.gov.sk/vestnik-a-registre/vestnik?order=193&year=2023&date=
2023,194,https://www.uvo.gov.sk/vestnik-a-registre/vestnik?order=194&year=2023&date=
2023,195,https://www.uvo.gov.sk/vestnik-a-registre/vestnik?order=195&year=2023&date=
2023,196,https://www.uvo.gov.sk/vestnik-a-registre/vestnik?order=196&year=2023&date=
2023,197,https://www.uvo.gov.sk/vestnik-a-registre/vestnik?order=197&year=2023&date=
2023,198,https://www.uvo.gov.sk/vestnik-a-registre/vestnik?order=198&year=2023&date=
2023,199,https://www.uvo.gov.sk/vestnik-a-registre/vestnik?order=199&year=2023&date=
2023,200,https://www.uvo.gov.sk/vestnik-a-registre/vestnik?order=200&year=2023&date=
2023,201,https://www.uvo.gov.sk/vestnik-a-registre/vestnik?order=201&year=2023&date=
2023,202,https://www.uvo.gov.sk/vestnik-a-registre/vestnik?order=202&year=2023&date=
2023,203,https://www.uvo.gov.sk/vestnik-a-registre/vestnik?order=203&year=2023&date=
2023,204,https://www.uvo.gov.sk/vestnik-a-registre/vestnik?order=204&year=2023&date=
2023,205,https://www.uvo.gov.sk/vestnik-a-registre/vestnik?order=205&year=2023&date=
2023,206,https://www.uvo.gov.sk/vestnik-a-registre/vestnik?order=206&year=2023&date=
2023,207,https://www.uvo.gov.sk/vestnik-a-registre/vestnik?order=207&year=2023&date=
2023,208,https://www.uvo.gov.sk/vestnik-a-registre/vestnik?order=208&year=2023&date=
2023,209,https://www.uvo.gov.sk/vestnik-a-registre/vestnik?order=209&year=2023&date=
2023,210,https://www.uvo.gov.sk/vestnik-a-registre/vestnik?order=210&year=2023&date=
2023,211,https://www.uvo.gov.sk/vestnik-a-registre/vestnik?order=211&year=2023&date=
2023,212,https://www.uvo.gov.sk/vestnik-a-registre/vestnik?order=212&year=2023&date=
2023,213,https://www.uvo.gov.sk/vestnik-a-registre/vestnik?order=213&year=2023&date=
2023,214,https://www.uvo.gov.sk/vestnik-a-registre/vestnik?order=214&year=2023&date=
2023,215,https://www.uvo.gov.sk/vestnik-a-registre/vestnik?order=215&year=2023&date=
2023,216,https://www.uvo.gov.sk/vestnik-a-registre/vestnik?order=216&year=2023&date=
2023,217,https://www.uvo.gov.sk/vestnik-a-registre/vestnik?order=217&year=2023&date=
2023,218,https://www.uvo.gov.sk/vestnik-a-registre/vestnik?order=218&year=2023&date=
2023,219,https://www.uvo.gov.sk/vestnik-a-registre/vestnik?order=219&year=2023&date=
2023,220,https://www.uvo.gov.sk/vestnik-a-registre/vestnik?order=220&year=2023&date=
2023,221,https://www.uvo.gov.sk/vestnik-a-registre/vestnik?order=221&year=2023&date=
2023,222,https://www.uvo.gov.sk/vestnik-a-registre/vestnik?order=222&year=2023&date=
2023,223,https://www.uvo.gov.sk/vestnik-a-registre/vestnik?order=223&year=2023&date=
2023,224,https://www.uvo.gov.sk/vestnik-a-registre/vestnik?order=224&year=2023&date=
2023,225,https://www.uvo.gov.sk/vestnik-a-registre/vestnik?order=225&year=2023&date=
2023,226,https://www.uvo.gov.sk/vestnik-a-registre/vestnik?order=226&year=2023&date=
2023,227,https://www.uvo.gov.sk/vestnik-a-registre/vestnik?order=227&year=2023&date=
2023,228,https://www.uvo.gov.sk/vestnik-a-registre/vestnik?order=228&year=2023&date=
2023,229,https://www.uvo.gov.sk/vestnik-a-registre/vestnik?order=229&year=2023&date=
2023,230,https://www.uvo.gov.sk/vestnik-a-registre/vestnik?order=230&year=2023&date=
2023,231,https://www.uvo.gov.sk/vestnik-a-registre/vestnik?order=231&year=2023&date=
2023,232,https://www.uvo.gov.sk/vestnik-a-registre/vestnik?order=232&year=2023&date=
2023,233,https://www.uvo.gov.sk/vestnik-a-registre/vestnik?order=233&year=2023&date=
2023,234,https://www.uvo.gov.sk/vestnik-a-registre/vestnik?order=234&year=2023&date=
2023,235,https://www.uvo.gov.sk/vestnik-a-registre/vestnik?order=235&year=2023&date=
2023,236,https://www.uvo.gov.sk/vestnik-a-registre/vestnik?order=236&year=2023&date=
2023,237,https://www.uvo.gov.sk/vestnik-a-registre/vestnik?order=237&year=2023&date=
2023,238,https://www.uvo.gov.sk/vestnik-a-registre/vestnik?order=238&year=2023&date=
2023,239,https://www.uvo.gov.sk/vestnik-a-registre/vestnik?order=239&year=2023&date=
2023,240,https://www.uvo.gov.sk/vestnik-a-registre/vestnik?order=240&year=2023&date=
2023,241,https://www.uvo.gov.sk/vestnik-a-registre/vestnik?order=241&year=2023&date=
2023,242,https://www.uvo.gov.sk/vestnik-a-registre/vestnik?order=242&year=2023&date=
2023,243,https://www.uvo.gov.sk/vestnik-a-registre/vestnik?order=243&year=2023&date=
2023,244,https://www.uvo.gov.sk/vestnik-a-registre/vestnik?order=244&year=2023&date=
2023,245,https://www.uvo.gov.sk/vestnik-a-registre/vestnik?order=245&year=2023&date=
2023,246,https://www.uvo.gov.sk/vestnik-a-registre/vestnik?order=246&year=2023&date=
2023,247,https://www.uvo.gov.sk/vestnik-a-registre/vestnik?order=247&year=2023&date=
2023,248,https://www.uvo.gov.sk/vestnik-a-registre/vestnik?order=248&year=2023&date=
2023,249,https://www.uvo.gov.sk/vestnik-a-registre/vestnik?order=249&year=2023&date=
2023,250,https://www.uvo.gov.sk/vestnik-a-registre/vestnik?order=250&year=2023&date=
2023,251,https://www.uvo.gov.sk/vestnik-a-registre/vestnik?order=251&year=2023&date=
2023,252,https://www.uvo.gov.sk/vestnik-a-registre/vestnik?order=252&year=2023&date=
2023,253,https://www.uvo.gov.sk/vestnik-a-registre/vestnik?order=253&year=2023&date=
2023,254,https://www.uvo.gov.sk/vestnik-a-registre/vestnik?order=254&year=2023&date=
2023,255,https://www.uvo.gov.sk/vestnik-a-registre/vestnik?order=255&year=2023&date=
2024,1,https://www.uvo.gov.sk/vestnik-a-registre/vestnik?order=1&year=2024&date=
2024,2,https://www.uvo.gov.sk/vestnik-a-registre/vestnik?order=2&year=2024&date=
2024,3,https://www.uvo.gov.sk/vestnik-a-registre/vestnik?order=3&year=2024&date=
2024,4,https://www.uvo.gov.sk/vestnik-a-registre/vestnik?order=4&year=2024&date=
2024,5,https://www.uvo.gov.sk/vestnik-a-registre/vestnik?order=5&year=2024&date=
2024,6,https://www.uvo.gov.sk/vestnik-a-registre/vestnik?order=6&year=2024&date=
2024,7,https://www.uvo.gov.sk/vestnik-a-registre/vestnik?order=7&year=2024&date=
2024,8,https://www.uvo.gov.sk/vestnik-a-registre/vestnik?order=8&year=2024&date=
2024,9,https://www.uvo.gov.sk/vestnik-a-registre/vestnik?order=9&year=2024&date=
2024,10,https://www.uvo.gov.sk/vestnik-a-registre/vestnik?order=10&year=2024&date=
2024,11,https://www.uvo.gov.sk/vestnik-a-registre/vestnik?order=11&year=2024&date=
2024,12,https://www.uvo.gov.sk/vestnik-a-registre/vestnik?order=12&year=2024&date=
2024,13,https://www.uvo.gov.sk/vestnik-a-registre/vestnik?order=13&year=2024&date=
2024,14,https://www.uvo.gov.sk/vestnik-a-registre/vestnik?order=14&year=2024&date=
2024,15,https://www.uvo.gov.sk/vestnik-a-registre/vestnik?order=15&year=2024&date=
2024,16,https://www.uvo.gov.sk/vestnik-a-registre/vestnik?order=16&year=2024&date=
2024,17,https://www.uvo.gov.sk/vestnik-a-registre/vestnik?order=17&year=2024&date=
2024,18,https://www.uvo.gov.sk/vestnik-a-registre/vestnik?order=18&year=2024&date=
2024,19,https://www.uvo.gov.sk/vestnik-a-registre/vestnik?order=19&year=2024&date=
2024,20,https://www.uvo.gov.sk/vestnik-a-registre/vestnik?order=20&year=2024&date=
2024,21,https://www.uvo.gov.sk/vestnik-a-registre/vestnik?order=21&year=2024&date=
2024,22,https://www.uvo.gov.sk/vestnik-a-registre/vestnik?order=22&year=2024&date=
2024,23,https://www.uvo.gov.sk/vestnik-a-registre/vestnik?order=23&year=2024&date=
2024,24,https://www.uvo.gov.sk/vestnik-a-registre/vestnik?order=24&year=2024&date=
2024,25,https://www.uvo.gov.sk/vestnik-a-registre/vestnik?order=25&year=2024&date=
2024,26,https://www.uvo.gov.sk/vestnik-a-registre/vestnik?order=26&year=2024&date=
2024,27,https://www.uvo.gov.sk/vestnik-a-registre/vestnik?order=27&year=2024&date=
2024,28,https://www.uvo.gov.sk/vestnik-a-registre/vestnik?order=28&year=2024&date=
2024,29,https://www.uvo.gov.sk/vestnik-a-registre/vestnik?order=29&year=2024&date=
2024,30,https://www.uvo.gov.sk/vestnik-a-registre/vestnik?order=30&year=2024&date=
2024,31,https://www.uvo.gov.sk/vestnik-a-registre/vestnik?order=31&year=2024&date=
2024,32,https://www.uvo.gov.sk/vestnik-a-registre/vestnik?order=32&year=2024&date=
2024,33,https://www.uvo.gov.sk/vestnik-a-registre/vestnik?order=33&year=2024&date=
2024,34,https://www.uvo.gov.sk/vestnik-a-registre/vestnik?order=34&year=2024&date=
2024,35,https://www.uvo.gov.sk/vestnik-a-registre/vestnik?order=35&year=2024&date=
2024,36,https://www.uvo.gov.sk/vestnik-a-registre/vestnik?order=36&year=2024&date=
2024,37,https://www.uvo.gov.sk/vestnik-a-registre/vestnik?order=37&year=2024&date=
2024,38,https://www.uvo.gov.sk/vestnik-a-registre/vestnik?order=38&year=2024&date=
2024,39,https://www.uvo.gov.sk/vestnik-a-registre/vestnik?order=39&year=2024&date=
2024,40,https://www.uvo.gov.sk/vestnik-a-registre/vestnik?order=40&year=2024&date=
2024,41,https://www.uvo.gov.sk/vestnik-a-registre/vestnik?order=41&year=2024&date=
2024,42,https://www.uvo.gov.sk/vestnik-a-registre/vestnik?order=42&year=2024&date=
2024,43,https://www.uvo.gov.sk/vestnik-a-registre/vestnik?order=43&year=2024&date=
2024,44,https://www.uvo.gov.sk/vestnik-a-registre/vestnik?order=44&year=2024&date=
2024,45,https://www.uvo.gov.sk/vestnik-a-registre/vestnik?order=45&year=2024&date=
2024,46,https://www.uvo.gov.sk/vestnik-a-registre/vestnik?order=46&year=2024&date=
2024,47,https://www.uvo.gov.sk/vestnik-a-registre/vestnik?order=47&year=2024&date=
2024,48,https://www.uvo.gov.sk/vestnik-a-registre/vestnik?order=48&year=2024&date=
2024,49,https://www.uvo.gov.sk/vestnik-a-registre/vestnik?order=49&year=2024&date=
2024,50,https://www.uvo.gov.sk/vestnik-a-registre/vestnik?order=50&year=2024&date=
2024,51,https://www.uvo.gov.sk/vestnik-a-registre/vestnik?order=51&year=2024&date=
2024,52,https://www.uvo.gov.sk/vestnik-a-registre/vestnik?order=52&year=2024&date=
2024,53,https://www.uvo.gov.sk/vestnik-a-registre/vestnik?order=53&year=2024&date=
2024,54,https://www.uvo.gov.sk/vestnik-a-registre/vestnik?order=54&year=2024&date=
2024,55,https://www.uvo.gov.sk/vestnik-a-registre/vestnik?order=55&year=2024&date=
2024,56,https://www.uvo.gov.sk/vestnik-a-registre/vestnik?order=56&year=2024&date=
2024,57,https://www.uvo.gov.sk/vestnik-a-registre/vestnik?order=57&year=2024&date=
2024,58,https://www.uvo.gov.sk/vestnik-a-registre/vestnik?order=58&year=2024&date=
2024,59,https://www.uvo.gov.sk/vestnik-a-registre/vestnik?order=59&year=2024&date=
2024,60,https://www.uvo.gov.sk/vestnik-a-registre/vestnik?order=60&year=2024&date=
2024,61,https://www.uvo.gov.sk/vestnik-a-registre/vestnik?order=61&year=2024&date=
2024,62,https://www.uvo.gov.sk/vestnik-a-registre/vestnik?order=62&year=2024&date=
2024,63,https://www.uvo.gov.sk/vestnik-a-registre/vestnik?order=63&year=2024&date=
2024,64,https://www.uvo.gov.sk/vestnik-a-registre/vestnik?order=64&year=2024&date=
2024,65,https://www.uvo.gov.sk/vestnik-a-registre/vestnik?order=65&year=2024&date=
2024,66,https://www.uvo.gov.sk/vestnik-a-registre/vestnik?order=66&year=2024&date=
2024,67,https://www.uvo.gov.sk/vestnik-a-registre/vestnik?order=67&year=2024&date=
2024,68,https://www.uvo.gov.sk/vestnik-a-registre/vestnik?order=68&year=2024&date=
2024,69,https://www.uvo.gov.sk/vestnik-a-registre/vestnik?order=69&year=2024&date=
2024,70,https://www.uvo.gov.sk/vestnik-a-registre/vestnik?order=70&year=2024&date=
2024,71,https://www.uvo.gov.sk/vestnik-a-registre/vestnik?order=71&year=2024&date=
2024,72,https://www.uvo.gov.sk/vestnik-a-registre/vestnik?order=72&year=2024&date=
2024,73,https://www.uvo.gov.sk/vestnik-a-registre/vestnik?order=73&year=2024&date=
2024,74,https://www.uvo.gov.sk/vestnik-a-registre/vestnik?order=74&year=2024&date=
2024,75,https://www.uvo.gov.sk/vestnik-a-registre/vestnik?order=75&year=2024&date=
2024,76,https://www.uvo.gov.sk/vestnik-a-registre/vestnik?order=76&year=2024&date=
2024,77,https://www.uvo.gov.sk/vestnik-a-registre/vestnik?order=77&year=2024&date=
2024,78,https://www.uvo.gov.sk/vestnik-a-registre/vestnik?order=78&year=2024&date=
2024,79,https://www.uvo.gov.sk/vestnik-a-registre/vestnik?order=79&year=2024&date=
2024,80,https://www.uvo.gov.sk/vestnik-a-registre/vestnik?order=80&year=2024&date=
2024,81,https://www.uvo.gov.sk/vestnik-a-registre/vestnik?order=81&year=2024&date=
2024,82,https://www.uvo.gov.sk/vestnik-a-registre/vestnik?order=82&year=2024&date=
2024,83,https://www.uvo.gov.sk/vestnik-a-registre/vestnik?order=83&year=2024&date=
2024,84,https://www.uvo.gov.sk/vestnik-a-registre/vestnik?order=84&year=2024&date=
2024,85,https://www.uvo.gov.sk/vestnik-a-registre/vestnik?order=85&year=2024&date=
2024,86,https://www.uvo.gov.sk/vestnik-a-registre/vestnik?order=86&year=2024&date=
2024,87,https://www.uvo.gov.sk/vestnik-a-registre/vestnik?order=87&year=2024&date=
2024,88,https://www.uvo.gov.sk/vestnik-a-registre/vestnik?order=88&year=2024&date=
2024,89,https://www.uvo.gov.sk/vestnik-a-registre/vestnik?order=89&year=2024&date=
2024,90,https://www.uvo.gov.sk/vestnik-a-registre/vestnik?order=90&year=2024&date=
2024,91,https://www.uvo.gov.sk/vestnik-a-registre/vestnik?order=91&year=2024&date=
2024,92,https://www.uvo.gov.sk/vestnik-a-registre/vestnik?order=92&year=2024&date=
2024,93,https://www.uvo.gov.sk/vestnik-a-registre/vestnik?order=93&year=2024&date=
2024,94,https://www.uvo.gov.sk/vestnik-a-registre/vestnik?order=94&year=2024&date=
2024,95,https://www.uvo.gov.sk/vestnik-a-registre/vestnik?order=95&year=2024&date=
2024,96,https://www.uvo.gov.sk/vestnik-a-registre/vestnik?order=96&year=2024&date=
2024,97,https://www.uvo.gov.sk/vestnik-a-registre/vestnik?order=97&year=2024&date=
2024,98,https://www.uvo.gov.sk/vestnik-a-registre/vestnik?order=98&year=2024&date=
2024,99,https://www.uvo.gov.sk/vestnik-a-registre/vestnik?order=99&year=2024&date=
2024,100,https://www.uvo.gov.sk/vestnik-a-registre/vestnik?order=100&year=2024&date=
2024,101,https://www.uvo.gov.sk/vestnik-a-registre/vestnik?order=101&year=2024&date=
2024,102,https://www.uvo.gov.sk/vestnik-a-registre/vestnik?order=102&year=2024&date=
2024,103,https://www.uvo.gov.sk/vestnik-a-registre/vestnik?order=103&year=2024&date=
2024,104,https://www.uvo.gov.sk/vestnik-a-registre/vestnik?order=104&year=2024&date=
2024,105,https://www.uvo.gov.sk/vestnik-a-registre/vestnik?order=105&year=2024&date=
2024,106,https://www.uvo.gov.sk/vestnik-a-registre/vestnik?order=106&year=2024&date=
2024,107,https://www.uvo.gov.sk/vestnik-a-registre/vestnik?order=107&year=2024&date=
2024,108,https://www.uvo.gov.sk/vestnik-a-registre/vestnik?order=108&year=2024&date=
2024,109,https://www.uvo.gov.sk/vestnik-a-registre/vestnik?order=109&year=2024&date=
2024,110,https://www.uvo.gov.sk/vestnik-a-registre/vestnik?order=110&year=2024&date=
2024,111,https://www.uvo.gov.sk/vestnik-a-registre/vestnik?order=111&year=2024&date=
2024,112,https://www.uvo.gov.sk/vestnik-a-registre/vestnik?order=112&year=2024&date=
2024,113,https://www.uvo.gov.sk/vestnik-a-registre/vestnik?order=113&year=2024&date=
2024,114,https://www.uvo.gov.sk/vestnik-a-registre/vestnik?order=114&year=2024&date=
2024,115,https://www.uvo.gov.sk/vestnik-a-registre/vestnik?order=115&year=2024&date=
2024,116,https://www.uvo.gov.sk/vestnik-a-registre/vestnik?order=116&year=2024&date=
2024,117,https://www.uvo.gov.sk/vestnik-a-registre/vestnik?order=117&year=2024&date=
2024,118,https://www.uvo.gov.sk/vestnik-a-registre/vestnik?order=118&year=2024&date=
2024,119,https://www.uvo.gov.sk/vestnik-a-registre/vestnik?order=119&year=2024&date=
2024,120,https://www.uvo.gov.sk/vestnik-a-registre/vestnik?order=120&year=2024&date=
2024,121,https://www.uvo.gov.sk/vestnik-a-registre/vestnik?order=121&year=2024&date=
2024,122,https://www.uvo.gov.sk/vestnik-a-registre/vestnik?order=122&year=2024&date=
2024,123,https://www.uvo.gov.sk/vestnik-a-registre/vestnik?order=123&year=2024&date=
2024,124,https://www.uvo.gov.sk/vestnik-a-registre/vestnik?order=124&year=2024&date=
2024,125,https://www.uvo.gov.sk/vestnik-a-registre/vestnik?order=125&year=2024&date=
2024,126,https://www.uvo.gov.sk/vestnik-a-registre/vestnik?order=126&year=2024&date=
2024,127,https://www.uvo.gov.sk/vestnik-a-registre/vestnik?order=127&year=2024&date=
2024,128,https://www.uvo.gov.sk/vestnik-a-registre/vestnik?order=128&year=2024&date=
2024,129,https://www.uvo.gov.sk/vestnik-a-registre/vestnik?order=129&year=2024&date=
2024,130,https://www.uvo.gov.sk/vestnik-a-registre/vestnik?order=130&year=2024&date=
2024,131,https://www.uvo.gov.sk/vestnik-a-registre/vestnik?order=131&year=2024&date=
2024,132,https://www.uvo.gov.sk/vestnik-a-registre/vestnik?order=132&year=2024&date=
2024,133,https://www.uvo.gov.sk/vestnik-a-registre/vestnik?order=133&year=2024&date=
2024,134,https://www.uvo.gov.sk/vestnik-a-registre/vestnik?order=134&year=2024&date=
2024,135,https://www.uvo.gov.sk/vestnik-a-registre/vestnik?order=135&year=2024&date=
2024,136,https://www.uvo.gov.sk/vestnik-a-registre/vestnik?order=136&year=2024&date=
2024,137,https://www.uvo.gov.sk/vestnik-a-registre/vestnik?order=137&year=2024&date=
2024,138,https://www.uvo.gov.sk/vestnik-a-registre/vestnik?order=138&year=2024&date=
2024,139,https://www.uvo.gov.sk/vestnik-a-registre/vestnik?order=139&year=2024&date=
2024,140,https://www.uvo.gov.sk/vestnik-a-registre/vestnik?order=140&year=2024&date=
2024,141,https://www.uvo.gov.sk/vestnik-a-registre/vestnik?order=141&year=2024&date=
2024,142,https://www.uvo.gov.sk/vestnik-a-registre/vestnik?order=142&year=2024&date=
2024,143,https://www.uvo.gov.sk/vestnik-a-registre/vestnik?order=143&year=2024&date=
2024,144,https://www.uvo.gov.sk/vestnik-a-registre/vestnik?order=144&year=2024&date=
2024,145,https://www.uvo.gov.sk/vestnik-a-registre/vestnik?order=145&year=2024&date=
2024,146,https://www.uvo.gov.sk/vestnik-a-registre/vestnik?order=146&year=2024&date=
2024,147,https://www.uvo.gov.sk/vestnik-a-registre/vestnik?order=147&year=2024&date=
2024,148,https://www.uvo.gov.sk/vestnik-a-registre/vestnik?order=148&year=2024&date=
2024,149,https://www.uvo.gov.sk/vestnik-a-registre/vestnik?order=149&year=2024&date=
2024,150,https://www.uvo.gov.sk/vestnik-a-registre/vestnik?order=150&year=2024&date=
2024,151,https://www.uvo.gov.sk/vestnik-a-registre/vestnik?order=151&year=2024&date=
2024,152,https://www.uvo.gov.sk/vestnik-a-registre/vestnik?order=152&year=2024&date=
2024,153,https://www.uvo.gov.sk/vestnik-a-registre/vestnik?order=153&year=2024&date=
2024,154,https://www.uvo.gov.sk/vestnik-a-registre/vestnik?order=154&year=2024&date=
2024,155,https://www.uvo.gov.sk/vestnik-a-registre/vestnik?order=155&year=2024&date=
2024,156,https://www.uvo.gov.sk/vestnik-a-registre/vestnik?order=156&year=2024&date=
2024,157,https://www.uvo.gov.sk/vestnik-a-registre/vestnik?order=157&year=2024&date=
2024,158,https://www.uvo.gov.sk/vestnik-a-registre/vestnik?order=158&year=2024&date=
2024,159,https://www.uvo.gov.sk/vestnik-a-registre/vestnik?order=159&year=2024&date=
2024,160,https://www.uvo.gov.sk/vestnik-a-registre/vestnik?order=160&year=2024&date=
2024,161,https://www.uvo.gov.sk/vestnik-a-registre/vestnik?order=161&year=2024&date=
2024,162,https://www.uvo.gov.sk/vestnik-a-registre/vestnik?order=162&year=2024&date=
2024,163,https://www.uvo.gov.sk/vestnik-a-registre/vestnik?order=163&year=2024&date=
2024,164,https://www.uvo.gov.sk/vestnik-a-registre/vestnik?order=164&year=2024&date=
2024,165,https://www.uvo.gov.sk/vestnik-a-registre/vestnik?order=165&year=2024&date=
2024,166,https://www.uvo.gov.sk/vestnik-a-registre/vestnik?order=166&year=2024&date=
2024,167,https://www.uvo.gov.sk/vestnik-a-registre/vestnik?order=167&year=2024&date=
2024,168,https://www.uvo.gov.sk/vestnik-a-registre/vestnik?order=168&year=2024&date=
2024,169,https://www.uvo.gov.sk/vestnik-a-registre/vestnik?order=169&year=2024&date=
2024,170,https://www.uvo.gov.sk/vestnik-a-registre/vestnik?order=170&year=2024&date=
2024,171,https://www.uvo.gov.sk/vestnik-a-registre/vestnik?order=171&year=2024&date=
2024,172,https://www.uvo.gov.sk/vestnik-a-registre/vestnik?order=172&year=2024&date=
2024,173,https://www.uvo.gov.sk/vestnik-a-registre/vestnik?order=173&year=2024&date=
2024,174,https://www.uvo.gov.sk/vestnik-a-registre/vestnik?order=174&year=2024&date=
2024,175,https://www.uvo.gov.sk/vestnik-a-registre/vestnik?order=175&year=2024&date=
2024,176,https://www.uvo.gov.sk/vestnik-a-registre/vestnik?order=176&year=2024&date=
2024,177,https://www.uvo.gov.sk/vestnik-a-registre/vestnik?order=177&year=2024&date=
2024,178,https://www.uvo.gov.sk/vestnik-a-registre/vestnik?order=178&year=2024&date=
2024,179,https://www.uvo.gov.sk/vestnik-a-registre/vestnik?order=179&year=2024&date=
2024,180,https://www.uvo.gov.sk/vestnik-a-registre/vestnik?order=180&year=2024&date=
2024,181,https://www.uvo.gov.sk/vestnik-a-registre/vestnik?order=181&year=2024&date=
2024,182,https://www.uvo.gov.sk/vestnik-a-registre/vestnik?order=182&year=2024&date=
2024,183,https://www.uvo.gov.sk/vestnik-a-registre/vestnik?order=183&year=2024&date=
2024,184,https://www.uvo.gov.sk/vestnik-a-registre/vestnik?order=184&year=2024&date=
2024,185,https://www.uvo.gov.sk/vestnik-a-registre/vestnik?order=185&year=2024&date=
2024,186,https://www.uvo.gov.sk/vestnik-a-registre/vestnik?order=186&year=2024&date=
2024,187,https://www.uvo.gov.sk/vestnik-a-registre/vestnik?order=187&year=2024&date=
2024,188,https://www.uvo.gov.sk/vestnik-a-registre/vestnik?order=188&year=2024&date=
2024,189,https://www.uvo.gov.sk/vestnik-a-registre/vestnik?order=189&year=2024&date=
2024,190,https://www.uvo.gov.sk/vestnik-a-registre/vestnik?order=190&year=2024&date=
2024,191,https://www.uvo.gov.sk/vestnik-a-registre/vestnik?order=191&year=2024&date=
2024,192,https://www.uvo.gov.sk/vestnik-a-registre/vestnik?order=192&year=2024&date=
2024,193,https://www.uvo.gov.sk/vestnik-a-registre/vestnik?order=193&year=2024&date=
2024,194,https://www.uvo.gov.sk/vestnik-a-registre/vestnik?order=194&year=2024&date=
2024,195,https://www.uvo.gov.sk/vestnik-a-registre/vestnik?order=195&year=2024&date=
2024,196,https://www.uvo.gov.sk/vestnik-a-registre/vestnik?order=196&year=2024&date=
2024,197,https://www.uvo.gov.sk/vestnik-a-registre/vestnik?order=197&year=2024&date=
2024,198,https://www.uvo.gov.sk/vestnik-a-registre/vestnik?order=198&year=2024&date=
2024,199,https://www.uvo.gov.sk/vestnik-a-registre/vestnik?order=199&year=2024&date=
2024,200,https://www.uvo.gov.sk/vestnik-a-registre/vestnik?order=200&year=2024&date=
2024,201,https://www.uvo.gov.sk/vestnik-a-registre/vestnik?order=201&year=2024&date=
2024,202,https://www.uvo.gov.sk/vestnik-a-registre/vestnik?order=202&year=2024&date=
2024,203,https://www.uvo.gov.sk/vestnik-a-registre/vestnik?order=203&year=2024&date=
2024,204,https://www.uvo.gov.sk/vestnik-a-registre/vestnik?order=204&year=2024&date=
2024,205,https://www.uvo.gov.sk/vestnik-a-registre/vestnik?order=205&year=2024&date=
2024,206,https://www.uvo.gov.sk/vestnik-a-registre/vestnik?order=206&year=2024&date=
2024,207,https://www.uvo.gov.sk/vestnik-a-registre/vestnik?order=207&year=2024&date=
2024,208,https://www.uvo.gov.sk/vestnik-a-registre/vestnik?order=208&year=2024&date=
2024,209,https://www.uvo.gov.sk/vestnik-a-registre/vestnik?order=209&year=2024&date=
2024,210,https://www.uvo.gov.sk/vestnik-a-registre/vestnik?order=210&year=2024&date=
2024,211,https://www.uvo.gov.sk/vestnik-a-registre/vestnik?order=211&year=2024&date=
2024,212,https://www.uvo.gov.sk/vestnik-a-registre/vestnik?order=212&year=2024&date=
2024,213,https://www.uvo.gov.sk/vestnik-a-registre/vestnik?order=213&year=2024&date=
2024,214,https://www.uvo.gov.sk/vestnik-a-registre/vestnik?order=214&year=2024&date=
2024,215,https://www.uvo.gov.sk/vestnik-a-registre/vestnik?order=215&year=2024&date=
2024,216,https://www.uvo.gov.sk/vestnik-a-registre/vestnik?order=216&year=2024&date=
2024,217,https://www.uvo.gov.sk/vestnik-a-registre/vestnik?order=217&year=2024&date=
2024,218,https://www.uvo.gov.sk/vestnik-a-registre/vestnik?order=218&year=2024&date=
2024,219,https://www.uvo.gov.sk/vestnik-a-registre/vestnik?order=219&year=2024&date=
2024,220,https://www.uvo.gov.sk/vestnik-a-registre/vestnik?order=220&year=2024&date=
2024,221,https://www.uvo.gov.sk/vestnik-a-registre/vestnik?order=221&year=2024&date=
2024,222,https://www.uvo.gov.sk/vestnik-a-registre/vestnik?order=222&year=2024&date=
2024,223,https://www.uvo.gov.sk/vestnik-a-registre/vestnik?order=223&year=2024&date=
2024,224,https://www.uvo.gov.sk/vestnik-a-registre/vestnik?order=224&year=2024&date=
2024,225,https://www.uvo.gov.sk/vestnik-a-registre/vestnik?order=225&year=2024&date=
2024,226,https://www.uvo.gov.sk/vestnik-a-registre/vestnik?order=226&year=2024&date=
2024,227,https://www.uvo.gov.sk/vestnik-a-registre/vestnik?order=227&year=2024&date=
2024,228,https://www.uvo.gov.sk/vestnik-a-registre/vestnik?order=228&year=2024&date=
2024,229,https://www.uvo.gov.sk/vestnik-a-registre/vestnik?order=229&year=2024&date=
2024,230,https://www.uvo.gov.sk/vestnik-a-registre/vestnik?order=230&year=2024&date=
2024,231,https://www.uvo.gov.sk/vestnik-a-registre/vestnik?order=231&year=2024&date=
2024,232,https://www.uvo.gov.sk/vestnik-a-registre/vestnik?order=232&year=2024&date=
2024,233,https://www.uvo.gov.sk/vestnik-a-registre/vestnik?order=233&year=2024&date=
2024,234,https://www.uvo.gov.sk/vestnik-a-registre/vestnik?order=234&year=2024&date=
2024,235,https://www.uvo.gov.sk/vestnik-a-registre/vestnik?order=235&year=2024&date=
2024,236,https://www.uvo.gov.sk/vestnik-a-registre/vestnik?order=236&year=2024&date=
2024,237,https://www.uvo.gov.sk/vestnik-a-registre/vestnik?order=237&year=2024&date=
2024,238,https://www.uvo.gov.sk/vestnik-a-registre/vestnik?order=238&year=2024&date=
2024,239,https://www.uvo.gov.sk/vestnik-a-registre/vestnik?order=239&year=2024&date=
2024,240,https://www.uvo.gov.sk/vestnik-a-registre/vestnik?order=240&year=2024&date=
2024,241,https://www.uvo.gov.sk/vestnik-a-registre/vestnik?order=241&year=2024&date=
2024,242,https://www.uvo.gov.sk/vestnik-a-registre/vestnik?order=242&year=2024&date=
2024,243,https://www.uvo.gov.sk/vestnik-a-registre/vestnik?order=243&year=2024&date=
2024,244,https://www.uvo.gov.sk/vestnik-a-registre/vestnik?order=244&year=2024&date=
2024,245,https://www.uvo.gov.sk/vestnik-a-registre/vestnik?order=245&year=2024&date=
2024,246,https://www.uvo.gov.sk/vestnik-a-registre/vestnik?order=246&year=2024&date=
2024,247,https://www.uvo.gov.sk/vestnik-a-registre/vestnik?order=247&year=2024&date=
2024,248,https://www.uvo.gov.sk/vestnik-a-registre/vestnik?order=248&year=2024&date=
2024,249,https://www.uvo.gov.sk/vestnik-a-registre/vestnik?order=249&year=2024&date=
2024,250,https://www.uvo.gov.sk/vestnik-a-registre/vestnik?order=250&year=2024&date=
2024,251,https://www.uvo.gov.sk/vestnik-a-registre/vestnik?order=251&year=2024&date=
2024,252,https://www.uvo.gov.sk/vestnik-a-registre/vestnik?order=252&year=2024&date=
2024,253,https://www.uvo.gov.sk/vestnik-a-registre/vestnik?order=253&year=2024&date=
2024,254,https://www.uvo.gov.sk/vestnik-a-registre/vestnik?order=254&year=2024&date=
2024,255,https://www.uvo.gov.sk/vestnik-a-registre/vestnik?order=255&year=2024&date=
2025,1,https://www.uvo.gov.sk/vestnik-a-registre/vestnik?order=1&year=2025&date=
2025,2,https://www.uvo.gov.sk/vestnik-a-registre/vestnik?order=2&year=2025&date=
2025,3,https://www.uvo.gov.sk/vestnik-a-registre/vestnik?order=3&year=2025&date=
2025,4,https://www.uvo.gov.sk/vestnik-a-registre/vestnik?order=4&year=2025&date=
2025,5,https://www.uvo.gov.sk/vestnik-a-registre/vestnik?order=5&year=2025&date=
2025,6,https://www.uvo.gov.sk/vestnik-a-registre/vestnik?order=6&year=2025&date=
2025,7,https://www.uvo.gov.sk/vestnik-a-registre/vestnik?order=7&year=2025&date=
2025,8,https://www.uvo.gov.sk/vestnik-a-registre/vestnik?order=8&year=2025&date=
2025,9,https://www.uvo.gov.sk/vestnik-a-registre/vestnik?order=9&year=2025&date=
2025,10,https://www.uvo.gov.sk/vestnik-a-registre/vestnik?order=10&year=2025&date=
2025,11,https://www.uvo.gov.sk/vestnik-a-registre/vestnik?order=11&year=2025&date=
2025,12,https://www.uvo.gov.sk/vestnik-a-registre/vestnik?order=12&year=2025&date=
2025,13,https://www.uvo.gov.sk/vestnik-a-registre/vestnik?order=13&year=2025&date=
2025,14,https://www.uvo.gov.sk/vestnik-a-registre/vestnik?order=14&year=2025&date=
2025,15,https://www.uvo.gov.sk/vestnik-a-registre/vestnik?order=15&year=2025&date=
2025,16,https://www.uvo.gov.sk/vestnik-a-registre/vestnik?order=16&year=2025&date=
2025,17,https://www.uvo.gov.sk/vestnik-a-registre/vestnik?order=17&year=2025&date=
2025,18,https://www.uvo.gov.sk/vestnik-a-registre/vestnik?order=18&year=2025&date=
2025,19,https://www.uvo.gov.sk/vestnik-a-registre/vestnik?order=19&year=2025&date=
2025,20,https://www.uvo.gov.sk/vestnik-a-registre/vestnik?order=20&year=2025&date=
2025,21,https://www.uvo.gov.sk/vestnik-a-registre/vestnik?order=21&year=2025&date=
2025,22,https://www.uvo.gov.sk/vestnik-a-registre/vestnik?order=22&year=2025&date=
2025,23,https://www.uvo.gov.sk/vestnik-a-registre/vestnik?order=23&year=2025&date=
2025,24,https://www.uvo.gov.sk/vestnik-a-registre/vestnik?order=24&year=2025&date=
2025,25,https://www.uvo.gov.sk/vestnik-a-registre/vestnik?order=25&year=2025&date=
2025,26,https://www.uvo.gov.sk/vestnik-a-registre/vestnik?order=26&year=2025&date=
2025,27,https://www.uvo.gov.sk/vestnik-a-registre/vestnik?order=27&year=2025&date=
2025,28,https://www.uvo.gov.sk/vestnik-a-registre/vestnik?order=28&year=2025&date=
2025,29,https://www.uvo.gov.sk/vestnik-a-registre/vestnik?order=29&year=2025&date=
2025,30,https://www.uvo.gov.sk/vestnik-a-registre/vestnik?order=30&year=2025&date=
2025,31,https://www.uvo.gov.sk/vestnik-a-registre/vestnik?order=31&year=2025&date=
2025,32,https://www.uvo.gov.sk/vestnik-a-registre/vestnik?order=32&year=2025&date=
2025,33,https://www.uvo.gov.sk/vestnik-a-registre/vestnik?order=33&year=2025&date=
2025,34,https://www.uvo.gov.sk/vestnik-a-registre/vestnik?order=34&year=2025&date=
2025,35,https://www.uvo.gov.sk/vestnik-a-registre/vestnik?order=35&year=2025&date=
2025,36,https://www.uvo.gov.sk/vestnik-a-registre/vestnik?order=36&year=2025&date=
2025,37,https://www.uvo.gov.sk/vestnik-a-registre/vestnik?order=37&year=2025&date=
2025,38,https://www.uvo.gov.sk/vestnik-a-registre/vestnik?order=38&year=2025&date=
2025,39,https://www.uvo.gov.sk/vestnik-a-registre/vestnik?order=39&year=2025&date=
2025,40,https://www.uvo.gov.sk/vestnik-a-registre/vestnik?order=40&year=2025&date=
2025,41,https://www.uvo.gov.sk/vestnik-a-registre/vestnik?order=41&year=2025&date=
2025,42,https://www.uvo.gov.sk/vestnik-a-registre/vestnik?order=42&year=2025&date=
2025,43,https://www.uvo.gov.sk/vestnik-a-registre/vestnik?order=43&year=2025&date=
2025,44,https://www.uvo.gov.sk/vestnik-a-registre/vestnik?order=44&year=2025&date=
2025,45,https://www.uvo.gov.sk/vestnik-a-registre/vestnik?order=45&year=2025&date=
2025,46,https://www.uvo.gov.sk/vestnik-a-registre/vestnik?order=46&year=2025&date=
2025,47,https://www.uvo.gov.sk/vestnik-a-registre/vestnik?order=47&year=2025&date=
2025,48,https://www.uvo.gov.sk/vestnik-a-registre/vestnik?order=48&year=2025&date=
2025,49,https://www.uvo.gov.sk/vestnik-a-registre/vestnik?order=49&year=2025&date=
2025,50,https://www.uvo.gov.sk/vestnik-a-registre/vestnik?order=50&year=2025&date=
2025,51,https://www.uvo.gov.sk/vestnik-a-registre/vestnik?order=51&year=2025&date=
2025,52,https://www.uvo.gov.sk/vestnik-a-registre/vestnik?order=52&year=2025&date=
2025,53,https://www.uvo.gov.sk/vestnik-a-registre/vestnik?order=53&year=2025&date=
2025,54,https://www.uvo.gov.sk/vestnik-a-registre/vestnik?order=54&year=2025&date=
2025,55,https://www.uvo.gov.sk/vestnik-a-registre/vestnik?order=55&year=2025&date=
2025,56,https://www.uvo.gov.sk/vestnik-a-registre/vestnik?order=56&year=2025&date=
2025,57,https://www.uvo.gov.sk/vestnik-a-registre/vestnik?order=57&year=2025&date=
2025,58,https://www.uvo.gov.sk/vestnik-a-registre/vestnik?order=58&year=2025&date=
2025,59,https://www.uvo.gov.sk/vestnik-a-registre/vestnik?order=59&year=2025&date=
2025,60,https://www.uvo.gov.sk/vestnik-a-registre/vestnik?order=60&year=2025&date=
2025,61,https://www.uvo.gov.sk/vestnik-a-registre/vestnik?order=61&year=2025&date=
2025,62,https://www.uvo.gov.sk/vestnik-a-registre/vestnik?order=62&year=2025&date=
2025,63,https://www.uvo.gov.sk/vestnik-a-registre/vestnik?order=63&year=2025&date=
2025,64,https://www.uvo.gov.sk/vestnik-a-registre/vestnik?order=64&year=2025&date=
2025,65,https://www.uvo.gov.sk/vestnik-a-registre/vestnik?order=65&year=2025&date=
2025,66,https://www.uvo.gov.sk/vestnik-a-registre/vestnik?order=66&year=2025&date=
2025,67,https://www.uvo.gov.sk/vestnik-a-registre/vestnik?order=67&year=2025&date=
2025,68,https://www.uvo.gov.sk/vestnik-a-registre/vestnik?order=68&year=2025&date=
2025,69,https://www.uvo.gov.sk/vestnik-a-registre/vestnik?order=69&year=2025&date=
2025,70,https://www.uvo.gov.sk/vestnik-a-registre/vestnik?order=70&year=2025&date=
2025,71,https://www.uvo.gov.sk/vestnik-a-registre/vestnik?order=71&year=2025&date=
2025,72,https://www.uvo.gov.sk/vestnik-a-registre/vestnik?order=72&year=2025&date=
2025,73,https://www.uvo.gov.sk/vestnik-a-registre/vestnik?order=73&year=2025&date=
2025,74,https://www.uvo.gov.sk/vestnik-a-registre/vestnik?order=74&year=2025&date=
2025,75,https://www.uvo.gov.sk/vestnik-a-registre/vestnik?order=75&year=2025&date=
2025,76,https://www.uvo.gov.sk/vestnik-a-registre/vestnik?order=76&year=2025&date=
2025,77,https://www.uvo.gov.sk/vestnik-a-registre/vestnik?order=77&year=2025&date=
2025,78,https://www.uvo.gov.sk/vestnik-a-registre/vestnik?order=78&year=2025&date=
2025,79,https://www.uvo.gov.sk/vestnik-a-registre/vestnik?order=79&year=2025&date=
2025,80,https://www.uvo.gov.sk/vestnik-a-registre/vestnik?order=80&year=2025&date=
2025,81,https://www.uvo.gov.sk/vestnik-a-registre/vestnik?order=81&year=2025&date=
2025,82,https://www.uvo.gov.sk/vestnik-a-registre/vestnik?order=82&year=2025&date=
2025,83,https://www.uvo.gov.sk/vestnik-a-registre/vestnik?order=83&year=2025&date=
2025,84,https://www.uvo.gov.sk/vestnik-a-registre/vestnik?order=84&year=2025&date=
2025,85,https://www.uvo.gov.sk/vestnik-a-registre/vestnik?order=85&year=2025&date=
2025,86,https://www.uvo.gov.sk/vestnik-a-registre/vestnik?order=86&year=2025&date=
2025,87,https://www.uvo.gov.sk/vestnik-a-registre/vestnik?order=87&year=2025&date=
2025,88,https://www.uvo.gov.sk/vestnik-a-registre/vestnik?order=88&year=2025&date=
2025,89,https://www.uvo.gov.sk/vestnik-a-registre/vestnik?order=89&year=2025&date=
2025,90,https://www.uvo.gov.sk/vestnik-a-registre/vestnik?order=90&year=2025&date=
2025,91,https://www.uvo.gov.sk/vestnik-a-registre/vestnik?order=91&year=2025&date=
2025,92,https://www.uvo.gov.sk/vestnik-a-registre/vestnik?order=92&year=2025&date=
2025,93,https://www.uvo.gov.sk/vestnik-a-registre/vestnik?order=93&year=2025&date=
2025,94,https://www.uvo.gov.sk/vestnik-a-registre/vestnik?order=94&year=2025&date=
2025,95,https://www.uvo.gov.sk/vestnik-a-registre/vestnik?order=95&year=2025&date=
2025,96,https://www.uvo.gov.sk/vestnik-a-registre/vestnik?order=96&year=2025&date=
2025,97,https://www.uvo.gov.sk/vestnik-a-registre/vestnik?order=97&year=2025&date=
2025,98,https://www.uvo.gov.sk/vestnik-a-registre/vestnik?order=98&year=2025&date=
2025,99,https://www.uvo.gov.sk/vestnik-a-registre/vestnik?order=99&year=2025&date=
2025,100,https://www.uvo.gov.sk/vestnik-a-registre/vestnik?order=100&year=2025&date=
2025,101,https://www.uvo.gov.sk/vestnik-a-registre/vestnik?order=101&year=2025&date=
2025,102,https://www.uvo.gov.sk/vestnik-a-registre/vestnik?order=102&year=2025&date=
2025,103,https://www.uvo.gov.sk/vestnik-a-registre/vestnik?order=103&year=2025&date=
2025,104,https://www.uvo.gov.sk/vestnik-a-registre/vestnik?order=104&year=2025&date=
2025,105,https://www.uvo.gov.sk/vestnik-a-registre/vestnik?order=105&year=2025&date=
2025,106,https://www.uvo.gov.sk/vestnik-a-registre/vestnik?order=106&year=2025&date=
2025,107,https://www.uvo.gov.sk/vestnik-a-registre/vestnik?order=107&year=2025&date=
2025,108,https://www.uvo.gov.sk/vestnik-a-registre/vestnik?order=108&year=2025&date=
2025,109,https://www.uvo.gov.sk/vestnik-a-registre/vestnik?order=109&year=2025&date=
2025,110,https://www.uvo.gov.sk/vestnik-a-registre/vestnik?order=110&year=2025&date=
2025,111,https://www.uvo.gov.sk/vestnik-a-registre/vestnik?order=111&year=2025&date=
2025,112,https://www.uvo.gov.sk/vestnik-a-registre/vestnik?order=112&year=2025&date=
2025,113,https://www.uvo.gov.sk/vestnik-a-registre/vestnik?order=113&year=2025&date=
2025,114,https://www.uvo.gov.sk/vestnik-a-registre/vestnik?order=114&year=2025&date=
2025,115,https://www.uvo.gov.sk/vestnik-a-registre/vestnik?order=115&year=2025&date=
2025,116,https://www.uvo.gov.sk/vestnik-a-registre/vestnik?order=116&year=2025&date=
2025,117,https://www.uvo.gov.sk/vestnik-a-registre/vestnik?order=117&year=2025&date=
2025,118,https://www.uvo.gov.sk/vestnik-a-registre/vestnik?order=118&year=2025&date=
2025,119,https://www.uvo.gov.sk/vestnik-a-registre/vestnik?order=119&year=2025&date=
2025,120,https://www.uvo.gov.sk/vestnik-a-registre/vestnik?order=120&year=2025&date=
2025,121,https://www.uvo.gov.sk/vestnik-a-registre/vestnik?order=121&year=2025&date=
2025,122,https://www.uvo.gov.sk/vestnik-a-registre/vestnik?order=122&year=2025&date=
2025,123,https://www.uvo.gov.sk/vestnik-a-registre/vestnik?order=123&year=2025&date=
2025,124,https://www.uvo.gov.sk/vestnik-a-registre/vestnik?order=124&year=2025&date=
2025,125,https://www.uvo.gov.sk/vestnik-a-registre/vestnik?order=125&year=2025&date=
2025,126,https://www.uvo.gov.sk/vestnik-a-registre/vestnik?order=126&year=2025&date=
2025,127,https://www.uvo.gov.sk/vestnik-a-registre/vestnik?order=127&year=2025&date=
2025,128,https://www.uvo.gov.sk/vestnik-a-registre/vestnik?order=128&year=2025&date=
2025,129,https://www.uvo.gov.sk/vestnik-a-registre/vestnik?order=129&year=2025&date=
2025,130,https://www.uvo.gov.sk/vestnik-a-registre/vestnik?order=130&year=2025&date=
2025,131,https://www.uvo.gov.sk/vestnik-a-registre/vestnik?order=131&year=2025&date=
2025,132,https://www.uvo.gov.sk/vestnik-a-registre/vestnik?order=132&year=2025&date=
2025,133,https://www.uvo.gov.sk/vestnik-a-registre/vestnik?order=133&year=2025&date=
2025,134,https://www.uvo.gov.sk/vestnik-a-registre/vestnik?order=134&year=2025&date=
2025,135,https://www.uvo.gov.sk/vestnik-a-registre/vestnik?order=135&year=2025&date=
2025,136,https://www.uvo.gov.sk/vestnik-a-registre/vestnik?order=136&year=2025&date=
2025,137,https://www.uvo.gov.sk/vestnik-a-registre/vestnik?order=137&year=2025&date=
2025,138,https://www.uvo.gov.sk/vestnik-a-registre/vestnik?order=138&year=2025&date=
2025,139,https://www.uvo.gov.sk/vestnik-a-registre/vestnik?order=139&year=2025&date=
2025,140,https://www.uvo.gov.sk/vestnik-a-registre/vestnik?order=140&year=2025&date=
2025,141,https://www.uvo.gov.sk/vestnik-a-registre/vestnik?order=141&year=2025&date=
2025,142,https://www.uvo.gov.sk/vestnik-a-registre/vestnik?order=142&year=2025&date=
2025,143,https://www.uvo.gov.sk/vestnik-a-registre/vestnik?order=143&year=2025&date=
2025,144,https://www.uvo.gov.sk/vestnik-a-registre/vestnik?order=144&year=2025&date=
2025,145,https://www.uvo.gov.sk/vestnik-a-registre/vestnik?order=145&year=2025&date=
2025,146,https://www.uvo.gov.sk/vestnik-a-registre/vestnik?order=146&year=2025&date=
2025,147,https://www.uvo.gov.sk/vestnik-a-registre/vestnik?order=147&year=2025&date=
2025,148,https://www.uvo.gov.sk/vestnik-a-registre/vestnik?order=148&year=2025&date=
2025,149,https://www.uvo.gov.sk/vestnik-a-registre/vestnik?order=149&year=2025&date=
2025,150,https://www.uvo.gov.sk/vestnik-a-registre/vestnik?order=150&year=2025&date=
2025,151,https://www.uvo.gov.sk/vestnik-a-registre/vestnik?order=151&year=2025&date=
2025,152,https://www.uvo.gov.sk/vestnik-a-registre/vestnik?order=152&year=2025&date=
2025,153,https://www.uvo.gov.sk/vestnik-a-registre/vestnik?order=153&year=2025&date=
2025,154,https://www.uvo.gov.sk/vestnik-a-registre/vestnik?order=154&year=2025&date=
2025,155,https://www.uvo.gov.sk/vestnik-a-registre/vestnik?order=155&year=2025&date=
2025,156,https://www.uvo.gov.sk/vestnik-a-registre/vestnik?order=156&year=2025&date=
2025,157,https://www.uvo.gov.sk/vestnik-a-registre/vestnik?order=157&year=2025&date=
2025,158,https://www.uvo.gov.sk/vestnik-a-registre/vestnik?order=158&year=2025&date=
2025,159,https://www.uvo.gov.sk/vestnik-a-registre/vestnik?order=159&year=2025&date=
2025,160,https://www.uvo.gov.sk/vestnik-a-registre/vestnik?order=160&year=2025&date=
2025,161,https://www.uvo.gov.sk/vestnik-a-registre/vestnik?order=161&year=2025&date=
2025,162,https://www.uvo.gov.sk/vestnik-a-registre/vestnik?order=162&year=2025&date=
2025,163,https://www.uvo.gov.sk/vestnik-a-registre/vestnik?order=163&year=2025&date=
2025,164,https://www.uvo.gov.sk/vestnik-a-registre/vestnik?order=164&year=2025&date=
2025,165,https://www.uvo.gov.sk/vestnik-a-registre/vestnik?order=165&year=2025&date=
2025,166,https://www.uvo.gov.sk/vestnik-a-registre/vestnik?order=166&year=2025&date=
2025,167,https://www.uvo.gov.sk/vestnik-a-registre/vestnik?order=167&year=2025&date=
2025,168,https://www.uvo.gov.sk/vestnik-a-registre/vestnik?order=168&year=2025&date=
2025,169,https://www.uvo.gov.sk/vestnik-a-registre/vestnik?order=169&year=2025&date=
2025,170,https://www.uvo.gov.sk/vestnik-a-registre/vestnik?order=170&year=2025&date=
2025,171,https://www.uvo.gov.sk/vestnik-a-registre/vestnik?order=171&year=2025&date=
2025,172,https://www.uvo.gov.sk/vestnik-a-registre/vestnik?order=172&year=2025&date=
2025,173,https://www.uvo.gov.sk/vestnik-a-registre/vestnik?order=173&year=2025&date=
2025,174,https://www.uvo.gov.sk/vestnik-a-registre/vestnik?order=174&year=2025&date=
2025,175,https://www.uvo.gov.sk/vestnik-a-registre/vestnik?order=175&year=2025&date=
2025,176,https://www.uvo.gov.sk/vestnik-a-registre/vestnik?order=176&year=2025&date=
2025,177,https://www.uvo.gov.sk/vestnik-a-registre/vestnik?order=177&year=2025&date=
2025,178,https://www.uvo.gov.sk/vestnik-a-registre/vestnik?order=178&year=2025&date=
2025,179,https://www.uvo.gov.sk/vestnik-a-registre/vestnik?order=179&year=2025&date=
2025,180,https://www.uvo.gov.sk/vestnik-a-registre/vestnik?order=180&year=2025&date=
2025,181,https://www.uvo.gov.sk/vestnik-a-registre/vestnik?order=181&year=2025&date=
2025,182,https://www.uvo.gov.sk/vestnik-a-registre/vestnik?order=182&year=2025&date=
2025,183,https://www.uvo.gov.sk/vestnik-a-registre/vestnik?order=183&year=2025&date=
2025,184,https://www.uvo.gov.sk/vestnik-a-registre/vestnik?order=184&year=2025&date=
2025,185,https://www.uvo.gov.sk/vestnik-a-registre/vestnik?order=185&year=2025&date=
2025,186,https://www.uvo.gov.sk/vestnik-a-registre/vestnik?order=186&year=2025&date=
2025,187,https://www.uvo.gov.sk/vestnik-a-registre/vestnik?order=187&year=2025&date=
2025,188,https://www.uvo.gov.sk/vestnik-a-registre/vestnik?order=188&year=2025&date=
2025,189,https://www.uvo.gov.sk/vestnik-a-registre/vestnik?order=189&year=2025&date=
2025,190,https://www.uvo.gov.sk/vestnik-a-registre/vestnik?order=190&year=2025&date=
2025,191,https://www.uvo.gov.sk/vestnik-a-registre/vestnik?order=191&year=2025&date=
2025,192,https://www.uvo.gov.sk/vestnik-a-registre/vestnik?order=192&year=2025&date=
2025,193,https://www.uvo.gov.sk/vestnik-a-registre/vestnik?order=193&year=2025&date=
2025,194,https://www.uvo.gov.sk/vestnik-a-registre/vestnik?order=194&year=2025&date=
2025,195,https://www.uvo.gov.sk/vestnik-a-registre/vestnik?order=195&year=2025&date=
2025,196,https://www.uvo.gov.sk/vestnik-a-registre/vestnik?order=196&year=2025&date=
2025,197,https://www.uvo.gov.sk/vestnik-a-registre/vestnik?order=197&year=2025&date=
2025,198,https://www.uvo.gov.sk/vestnik-a-registre/vestnik?order=198&year=2025&date=
2025,199,https://www.uvo.gov.sk/vestnik-a-registre/vestnik?order=199&year=2025&date=
2025,200,https://www.uvo.gov.sk/vestnik-a-registre/vestnik?order=200&year=2025&date=
2025,201,https://www.uvo.gov.sk/vestnik-a-registre/vestnik?order=201&year=2025&date=
2025,202,https://www.uvo.gov.sk/vestnik-a-registre/vestnik?order=202&year=2025&date=
2025,203,https://www.uvo.gov.sk/vestnik-a-registre/vestnik?order=203&year=2025&date=
2025,204,https://www.uvo.gov.sk/vestnik-a-registre/vestnik?order=204&year=2025&date=
2025,205,https://www.uvo.gov.sk/vestnik-a-registre/vestnik?order=205&year=2025&date=
2025,206,https://www.uvo.gov.sk/vestnik-a-registre/vestnik?order=206&year=2025&date=
2025,207,https://www.uvo.gov.sk/vestnik-a-registre/vestnik?order=207&year=2025&date=
2025,208,https://www.uvo.gov.sk/vestnik-a-registre/vestnik?order=208&year=2025&date=
2025,209,https://www.uvo.gov.sk/vestnik-a-registre/vestnik?order=209&year=2025&date=
2025,210,https://www.uvo.gov.sk/vestnik-a-registre/vestnik?order=210&year=2025&date=
2025,211,https://www.uvo.gov.sk/vestnik-a-registre/vestnik?order=211&year=2025&date=
2025,212,https://www.uvo.gov.sk/vestnik-a-registre/vestnik?order=212&year=2025&date=
2025,213,https://www.uvo.gov.sk/vestnik-a-registre/vestnik?order=213&year=2025&date=
2025,214,https://www.uvo.gov.sk/vestnik-a-registre/vestnik?order=214&year=2025&date=
2025,215,https://www.uvo.gov.sk/vestnik-a-registre/vestnik?order=215&year=2025&date=
2025,216,https://www.uvo.gov.sk/vestnik-a-registre/vestnik?order=216&year=2025&date=
2025,217,https://www.uvo.gov.sk/vestnik-a-registre/vestnik?order=217&year=2025&date=
2025,218,https://www.uvo.gov.sk/vestnik-a-registre/vestnik?order=218&year=2025&date=
2025,219,https://www.uvo.gov.sk/vestnik-a-registre/vestnik?order=219&year=2025&date=
2025,220,https://www.uvo.gov.sk/vestnik-a-registre/vestnik?order=220&year=2025&date=
2025,221,https://www.uvo.gov.sk/vestnik-a-registre/vestnik?order=221&year=2025&date=
2025,222,https://www.uvo.gov.sk/vestnik-a-registre/vestnik?order=222&year=2025&date=
2025,223,https://www.uvo.gov.sk/vestnik-a-registre/vestnik?order=223&year=2025&date=
2025,224,https://www.uvo.gov.sk/vestnik-a-registre/vestnik?order=224&year=2025&date=
2025,225,https://www.uvo.gov.sk/vestnik-a-registre/vestnik?order=225&year=2025&date=
2025,226,https://www.uvo.gov.sk/vestnik-a-registre/vestnik?order=226&year=2025&date=
2025,227,https://www.uvo.gov.sk/vestnik-a-registre/vestnik?order=227&year=2025&date=
2025,228,https://www.uvo.gov.sk/vestnik-a-registre/vestnik?order=228&year=2025&date=
2025,229,https://www.uvo.gov.sk/vestnik-a-registre/vestnik?order=229&year=2025&date=
2025,230,https://www.uvo.gov.sk/vestnik-a-registre/vestnik?order=230&year=2025&date=
2025,231,https://www.uvo.gov.sk/vestnik-a-registre/vestnik?order=231&year=2025&date=
2025,232,https://www.uvo.gov.sk/vestnik-a-registre/vestnik?order=232&year=2025&date=
2025,233,https://www.uvo.gov.sk/vestnik-a-registre/vestnik?order=233&year=2025&date=
2025,234,https://www.uvo.gov.sk/vestnik-a-registre/vestnik?order=234&year=2025&date=
2025,235,https://www.uvo.gov.sk/vestnik-a-registre/vestnik?order=235&year=2025&date=
2025,236,https://www.uvo.gov.sk/vestnik-a-registre/vestnik?order=236&year=2025&date=
2025,237,https://www.uvo.gov.sk/vestnik-a-registre/vestnik?order=237&year=2025&date=
2025,238,https://www.uvo.gov.sk/vestnik-a-registre/vestnik?order=238&year=2025&date=
2025,239,https://www.uvo.gov.sk/vestnik-a-registre/vestnik?order=239&year=2025&date=
2025,240,https://www.uvo.gov.sk/vestnik-a-registre/vestnik?order=240&year=2025&date=
2025,241,https://www.uvo.gov.sk/vestnik-a-registre/vestnik?order=241&year=2025&date=
2025,242,https://www.uvo.gov.sk/vestnik-a-registre/vestnik?order=242&year=2025&date=
2025,243,https://www.uvo.gov.sk/vestnik-a-registre/vestnik?order=243&year=2025&date=
2025,244,https://www.uvo.gov.sk/vestnik-a-registre/vestnik?order=244&year=2025&date=
2025,245,https://www.uvo.gov.sk/vestnik-a-registre/vestnik?order=245&year=2025&date=
2025,246,https://www.uvo.gov.sk/vestnik-a-registre/vestnik?order=246&year=2025&date=
2025,247,https://www.uvo.gov.sk/vestnik-a-registre/vestnik?order=247&year=2025&date=
2025,248,https://www.uvo.gov.sk/vestnik-a-registre/vestnik?order=248&year=2025&date=
2025,249,https://www.uvo.gov.sk/vestnik-a-registre/vestnik?order=249&year=2025&date=
2025,250,https://www.uvo.gov.sk/vestnik-a-registre/vestnik?order=250&year=2025&date=
2025,251,https://www.uvo.gov.sk/vestnik-a-registre/vestnik?order=251&year=2025&date=
2025,252,https://www.uvo.gov.sk/vestnik-a-registre/vestnik?order=252&year=2025&date=
2025,253,https://www.uvo.gov.sk/vestnik-a-registre/vestnik?order=253&year=2025&date=
2025,254,https://www.uvo.gov.sk/vestnik-a-registre/vestnik?order=254&year=2025&date=
2025,255,https://www.uvo.gov.sk/vestnik-a-registre/vestnik?order=255&year=2025&date=
2025,256,https://www.uvo.gov.sk/vestnik-a-registre/vestnik?order=256&year=2025&date=
2025,257,https://www.uvo.gov.sk/vestnik-a-registre/vestnik?order=257&year=2025&date=
2025,258,https://www.uvo.gov.sk/vestnik-a-registre/vestnik?order=258&year=2025&date=
2025,259,https://www.uvo.gov.sk/vestnik-a-registre/vestnik?order=259&year=2025&date=
2025,260,https://www.uvo.gov.sk/vestnik-a-registre/vestnik?order=260&year=2025&date=
2026,1,https://www.uvo.gov.sk/vestnik-a-registre/vestnik?order=1&year=2026&date=
2026,2,https://www.uvo.gov.sk/vestnik-a-registre/vestnik?order=2&year=2026&date=
2026,3,https://www.uvo.gov.sk/vestnik-a-registre/vestnik?order=3&year=2026&date=
2026,4,https://www.uvo.gov.sk/vestnik-a-registre/vestnik?order=4&year=2026&date=
2026,5,https://www.uvo.gov.sk/vestnik-a-registre/vestnik?order=5&year=2026&date=
2026,6,https://www.uvo.gov.sk/vestnik-a-registre/vestnik?order=6&year=2026&date=
2026,7,https://www.uvo.gov.sk/vestnik-a-registre/vestnik?order=7&year=2026&date=
2026,8,https://www.uvo.gov.sk/vestnik-a-registre/vestnik?order=8&year=2026&date=
2026,9,https://www.uvo.gov.sk/vestnik-a-registre/vestnik?order=9&year=2026&date=
2026,10,https://www.uvo.gov.sk/vestnik-a-registre/vestnik?order=10&year=2026&date=
2026,11,https://www.uvo.gov.sk/vestnik-a-registre/vestnik?order=11&year=2026&date=
2026,12,https://www.uvo.gov.sk/vestnik-a-registre/vestnik?order=12&year=2026&date=
2026,13,https://www.uvo.gov.sk/vestnik-a-registre/vestnik?order=13&year=2026&date=
2026,14,https://www.uvo.gov.sk/vestnik-a-registre/vestnik?order=14&year=2026&date=
2026,15,https://www.uvo.gov.sk/vestnik-a-registre/vestnik?order=15&year=2026&date=
2026,16,https://www.uvo.gov.sk/vestnik-a-registre/vestnik?order=16&year=2026&date=
2026,17,https://www.uvo.gov.sk/vestnik-a-registre/vestnik?order=17&year=2026&date=
2026,18,https://www.uvo.gov.sk/vestnik-a-registre/vestnik?order=18&year=2026&date=
2026,19,https://www.uvo.gov.sk/vestnik-a-registre/vestnik?order=19&year=2026&date=
2026,20,https://www.uvo.gov.sk/vestnik-a-registre/vestnik?order=20&year=2026&date=
2026,21,https://www.uvo.gov.sk/vestnik-a-registre/vestnik?order=21&year=2026&date=
2026,22,https://www.uvo.gov.sk/vestnik-a-registre/vestnik?order=22&year=2026&date=
2026,23,https://www.uvo.gov.sk/vestnik-a-registre/vestnik?order=23&year=2026&date=
2026,24,https://www.uvo.gov.sk/vestnik-a-registre/vestnik?order=24&year=2026&date=
2026,25,https://www.uvo.gov.sk/vestnik-a-registre/vestnik?order=25&year=2026&date=
2026,26,https://www.uvo.gov.sk/vestnik-a-registre/vestnik?order=26&year=2026&date=
2026,27,https://www.uvo.gov.sk/vestnik-a-registre/vestnik?order=27&year=2026&date=
2026,28,https://www.uvo.gov.sk/vestnik-a-registre/vestnik?order=28&year=2026&date=
2026,29,https://www.uvo.gov.sk/vestnik-a-registre/vestnik?order=29&year=2026&date=
2026,30,https://www.uvo.gov.sk/vestnik-a-registre/vestnik?order=30&year=2026&date=
2026,31,https://www.uvo.gov.sk/vestnik-a-registre/vestnik?order=31&year=2026&date=
2026,32,https://www.uvo.gov.sk/vestnik-a-registre/vestnik?order=32&year=2026&date=
2026,33,https://www.uvo.gov.sk/vestnik-a-registre/vestnik?order=33&year=2026&date=
2026,34,https://www.uvo.gov.sk/vestnik-a-registre/vestnik?order=34&year=2026&date=
2026,35,https://www.uvo.gov.sk/vestnik-a-registre/vestnik?order=35&year=2026&date=
2026,36,https://www.uvo.gov.sk/vestnik-a-registre/vestnik?order=36&year=2026&date=
2026,37,https://www.uvo.gov.sk/vestnik-a-registre/vestnik?order=37&year=2026&date=
2026,38,https://www.uvo.gov.sk/vestnik-a-registre/vestnik?order=38&year=2026&date=
2026,39,https://www.uvo.gov.sk/vestnik-a-registre/vestnik?order=39&year=2026&date=
2026,40,https://www.uvo.gov.sk/vestnik-a-registre/vestnik?order=40&year=2026&date=
2026,41,https://www.uvo.gov.sk/vestnik-a-registre/vestnik?order=41&year=2026&date=
2026,42,https://www.uvo.gov.sk/vestnik-a-registre/vestnik?order=42&year=2026&date=
2026,43,https://www.uvo.gov.sk/vestnik-a-registre/vestnik?order=43&year=2026&date=
2026,44,https://www.uvo.gov.sk/vestnik-a-registre/vestnik?order=44&year=2026&date=
2026,45,https://www.uvo.gov.sk/vestnik-a-registre/vestnik?order=45&year=2026&date=
2026,46,https://www.uvo.gov.sk/vestnik-a-registre/vestnik?order=46&year=2026&date=
2026,47,https://www.uvo.gov.sk/vestnik-a-registre/vestnik?order=47&year=2026&date=
2026,48,https://www.uvo.gov.sk/vestnik-a-registre/vestnik?order=48&year=2026&date=
2026,49,https://www.uvo.gov.sk/vestnik-a-registre/vestnik?order=49&year=2026&date=
2026,50,https://www.uvo.gov.sk/vestnik-a-registre/vestnik?order=50&year=2026&date=
2026,51,https://www.uvo.gov.sk/vestnik-a-registre/vestnik?order=51&year=2026&date=
2026,52,https://www.uvo.gov.sk/vestnik-a-registre/vestnik?order=52&year=2026&date=
2026,53,https://www.uvo.gov.sk/vestnik-a-registre/vestnik?order=53&year=2026&date=
2026,54,https://www.uvo.gov.sk/vestnik-a-registre/vestnik?order=54&year=2026&date=
2026,55,https://www.uvo.gov.sk/vestnik-a-registre/vestnik?order=55&year=2026&date=
2026,56,https://www.uvo.gov.sk/vestnik-a-registre/vestnik?order=56&year=2026&date=
2026,57,https://www.uvo.gov.sk/vestnik-a-registre/vestnik?order=57&year=2026&date=
2026,58,https://www.uvo.gov.sk/vestnik-a-registre/vestnik?order=58&year=2026&date=
2026,59,https://www.uvo.gov.sk/vestnik-a-registre/vestnik?order=59&year=2026&date=
2026,60,https://www.uvo.gov.sk/vestnik-a-registre/vestnik?order=60&year=2026&date=
2026,61,https://www.uvo.gov.sk/vestnik-a-registre/vestnik?order=61&year=2026&date=
2026,62,https://www.uvo.gov.sk/vestnik-a-registre/vestnik?order=62&year=2026&date=
2026,63,https://www.uvo.gov.sk/vestnik-a-registre/vestnik?order=63&year=2026&date=
2026,64,https://www.uvo.gov.sk/vestnik-a-registre/vestnik?order=64&year=2026&date=
2026,65,https://www.uvo.gov.sk/vestnik-a-registre/vestnik?order=65&year=2026&date=
2026,66,https://www.uvo.gov.sk/vestnik-a-registre/vestnik?order=66&year=2026&date=
2026,67,https://www.uvo.gov.sk/vestnik-a-registre/vestnik?order=67&year=2026&date=
2026,68,https://www.uvo.gov.sk/vestnik-a-registre/vestnik?order=68&year=2026&date=
2026,69,https://www.uvo.gov.sk/vestnik-a-registre/vestnik?order=69&year=2026&date=
2026,70,https://www.uvo.gov.sk/vestnik-a-registre/vestnik?order=70&year=2026&date=
2026,71,https://www.uvo.gov.sk/vestnik-a-registre/vestnik?order=71&year=2026&date=
2026,72,https://www.uvo.gov.sk/vestnik-a-registre/vestnik?order=72&year=2026&date=
2026,73,https://www.uvo.gov.sk/vestnik-a-registre/vestnik?order=73&year=2026&date=
2026,74,https://www.uvo.gov.sk/vestnik-a-registre/vestnik?order=74&year=2026&date=
2026,75,https://www.uvo.gov.sk/vestnik-a-registre/vestnik?order=75&year=2026&date=
2026,76,https://www.uvo.gov.sk/vestnik-a-registre/vestnik?order=76&year=2026&date=
2026,77,https://www.uvo.gov.sk/vestnik-a-registre/vestnik?order=77&year=2026&date=
2026,78,https://www.uvo.gov.sk/vestnik-a-registre/vestnik?order=78&year=2026&date=
2026,79,https://www.uvo.gov.sk/vestnik-a-registre/vestnik?order=79&year=2026&date=
2026,80,https://www.uvo.gov.sk/vestnik-a-registre/vestnik?order=80&year=2026&date=
2026,81,https://www.uvo.gov.sk/vestnik-a-registre/vestnik?order=81&year=2026&date=
2026,82,https://www.uvo.gov.sk/vestnik-a-registre/vestnik?order=82&year=2026&date=
2026,83,https://www.uvo.gov.sk/vestnik-a-registre/vestnik?order=83&year=2026&date=
2026,84,https://www.uvo.gov.sk/vestnik-a-registre/vestnik?order=84&year=2026&date=
2026,85,https://www.uvo.gov.sk/vestnik-a-registre/vestnik?order=85&year=2026&date=
2026,86,https://www.uvo.gov.sk/vestnik-a-registre/vestnik?order=86&year=2026&date=
2026,87,https://www.uvo.gov.sk/vestnik-a-registre/vestnik?order=87&year=2026&date=
2026,88,https://www.uvo.gov.sk/vestnik-a-registre/vestnik?order=88&year=2026&date=
2026,89,https://www.uvo.gov.sk/vestnik-a-registre/vestnik?order=89&year=2026&date=
2026,90,https://www.uvo.gov.sk/vestnik-a-registre/vestnik?order=90&year=2026&date=
2026,91,https://www.uvo.gov.sk/vestnik-a-registre/vestnik?order=91&year=2026&date=
2026,92,https://www.uvo.gov.sk/vestnik-a-registre/vestnik?order=92&year=2026&date=
2026,93,https://www.uvo.gov.sk/vestnik-a-registre/vestnik?order=93&year=2026&date=
2026,94,https://www.uvo.gov.sk/vestnik-a-registre/vestnik?order=94&year=2026&date=
2026,95,https://www.uvo.gov.sk/vestnik-a-registre/vestnik?order=95&year=2026&date=
2026,96,https://www.uvo.gov.sk/vestnik-a-registre/vestnik?order=96&year=2026&date=
2026,97,https://www.uvo.gov.sk/vestnik-a-registre/vestnik?order=97&year=2026&date=
2026,98,https://www.uvo.gov.sk/vestnik-a-registre/vestnik?order=98&year=2026&date=
2026,99,https://www.uvo.gov.sk/vestnik-a-registre/vestnik?order=99&year=2026&date=
2026,100,https://www.uvo.gov.sk/vestnik-a-registre/vestnik?order=100&year=2026&date=
2026,101,https://www.uvo.gov.sk/vestnik-a-registre/vestnik?order=101&year=2026&date=
2026,102,https://www.uvo.gov.sk/vestnik-a-registre/vestnik?order=102&year=2026&date=
2026,103,https://www.uvo.gov.sk/vestnik-a-registre/vestnik?order=103&year=2026&date=
2026,104,https://www.uvo.gov.sk/vestnik-a-registre/vestnik?order=104&year=2026&date=
2026,105,https://www.uvo.gov.sk/vestnik-a-registre/vestnik?order=105&year=2026&date=
2026,106,https://www.uvo.gov.sk/vestnik-a-registre/vestnik?order=106&year=2026&date=
2026,107,https://www.uvo.gov.sk/vestnik-a-registre/vestnik?order=107&year=2026&date=
2026,108,https://www.uvo.gov.sk/vestnik-a-registre/vestnik?order=108&year=2026&date=
2026,109,https://www.uvo.gov.sk/vestnik-a-registre/vestnik?order=109&year=2026&date=
2026,110,https://www.uvo.gov.sk/vestnik-a-registre/vestnik?order=110&year=2026&date=
2026,111,https://www.uvo.gov.sk/vestnik-a-registre/vestnik?order=111&year=2026&date=
2026,112,https://www.uvo.gov.sk/vestnik-a-registre/vestnik?order=112&year=2026&date=
2026,113,https://www.uvo.gov.sk/vestnik-a-registre/vestnik?order=113&year=2026&date=
2026,114,https://www.uvo.gov.sk/vestnik-a-registre/vestnik?order=114&year=2026&date=
2026,115,https://www.uvo.gov.sk/vestnik-a-registre/vestnik?order=115&year=2026&date=
2026,116,https://www.uvo.gov.sk/vestnik-a-registre/vestnik?order=116&year=2026&date=
2026,117,https://www.uvo.gov.sk/vestnik-a-registre/vestnik?order=117&year=2026&date=
2026,118,https://www.uvo.gov.sk/vestnik-a-registre/vestnik?order=118&year=2026&date=
2026,119,https://www.uvo.gov.sk/vestnik-a-registre/vestnik?order=119&year=2026&date=
2026,120,https://www.uvo.gov.sk/vestnik-a-registre/vestnik?order=120&year=2026&date=
2026,121,https://www.uvo.gov.sk/vestnik-a-registre/vestnik?order=121&year=2026&date=
2026,122,https://www.uvo.gov.sk/vestnik-a-registre/vestnik?order=122&year=2026&date=
2026,123,https://www.uvo.gov.sk/vestnik-a-registre/vestnik?order=123&year=2026&date=
2026,124,https://www.uvo.gov.sk/vestnik-a-registre/vestnik?order=124&year=2026&date=
2026,125,https://www.uvo.gov.sk/vestnik-a-registre/vestnik?order=125&year=2026&date=
2026,126,https://www.uvo.gov.sk/vestnik-a-registre/vestnik?order=126&year=2026&date=
2026,127,https://www.uvo.gov.sk/vestnik-a-registre/vestnik?order=127&year=2026&date=
2026,128,https://www.uvo.gov.sk/vestnik-a-registre/vestnik?order=128&year=2026&date=
2026,129,https://www.uvo.gov.sk/vestnik-a-registre/vestnik?order=129&year=2026&date=
2026,130,https://www.uvo.gov.sk/vestnik-a-registre/vestnik?order=130&year=2026&date=
2026,131,https://www.uvo.gov.sk/vestnik-a-registre/vestnik?order=131&year=2026&date=
2026,132,https://www.uvo.gov.sk/vestnik-a-registre/vestnik?order=132&year=2026&date=
2026,133,https://www.uvo.gov.sk/vestnik-a-registre/vestnik?order=133&year=2026&date=
2026,134,https://www.uvo.gov.sk/vestnik-a-registre/vestnik?order=134&year=2026&date=
2026,135,https://www.uvo.gov.sk/vestnik-a-registre/vestnik?order=135&year=2026&date=
2026,136,https://www.uvo.gov.sk/vestnik-a-registre/vestnik?order=136&year=2026&date=
2026,137,https://www.uvo.gov.sk/vestnik-a-registre/vestnik?order=137&year=2026&date=
2026,138,https://www.uvo.gov.sk/vestnik-a-registre/vestnik?order=138&year=2026&date=
2026,139,https://www.uvo.gov.sk/vestnik-a-registre/vestnik?order=139&year=2026&date=
2026,140,https://www.uvo.gov.sk/vestnik-a-registre/vestnik?order=140&year=2026&date=
2026,141,https://www.uvo.gov.sk/vestnik-a-registre/vestnik?order=141&year=2026&date=
2026,142,https://www.uvo.gov.sk/vestnik-a-registre/vestnik?order=142&year=2026&date=
2026,143,https://www.uvo.gov.sk/vestnik-a-registre/vestnik?order=143&year=2026&date=
2026,144,https://www.uvo.gov.sk/vestnik-a-registre/vestnik?order=144&year=2026&date=
2026,145,https://www.uvo.gov.sk/vestnik-a-registre/vestnik?order=145&year=2026&date=
2026,146,https://www.uvo.gov.sk/vestnik-a-registre/vestnik?order=146&year=2026&date=
2026,147,https://www.uvo.gov.sk/vestnik-a-registre/vestnik?order=147&year=2026&date=
2026,148,https://www.uvo.gov.sk/vestnik-a-registre/vestnik?order=148&year=2026&date=
2026,149,https://www.uvo.gov.sk/vestnik-a-registre/vestnik?order=149&year=2026&date=
2026,150,https://www.uvo.gov.sk/vestnik-a-registre/vestnik?order=150&year=2026&date=
2026,151,https://www.uvo.gov.sk/vestnik-a-registre/vestnik?order=151&year=2026&date=
2026,152,https://www.uvo.gov.sk/vestnik-a-registre/vestnik?order=152&year=2026&date=
2026,153,https://www.uvo.gov.sk/vestnik-a-registre/vestnik?order=153&year=2026&date=
2026,154,https://www.uvo.gov.sk/vestnik-a-registre/vestnik?order=154&year=2026&date=
2026,155,https://www.uvo.gov.sk/vestnik-a-registre/vestnik?order=155&year=2026&date=
2026,156,https://www.uvo.gov.sk/vestnik-a-registre/vestnik?order=156&year=2026&date=
2026,157,https://www.uvo.gov.sk/vestnik-a-registre/vestnik?order=157&year=2026&date=
2026,158,https://www.uvo.gov.sk/vestnik-a-registre/vestnik?order=158&year=2026&date=
2026,159,https://www.uvo.gov.sk/vestnik-a-registre/vestnik?order=159&year=2026&date=
2026,160,https://www.uvo.gov.sk/vestnik-a-registre/vestnik?order=160&year=2026&date=
2026,161,https://www.uvo.gov.sk/vestnik-a-registre/vestnik?order=161&year=2026&date=
2026,162,https://www.uvo.gov.sk/vestnik-a-registre/vestnik?order=162&year=2026&date=
2026,163,https://www.uvo.gov.sk/vestnik-a-registre/vestnik?order=163&year=2026&date=
2026,164,https://www.uvo.gov.sk/vestnik-a-registre/vestnik?order=164&year=2026&date=
2026,165,https://www.uvo.gov.sk/vestnik-a-registre/vestnik?order=165&year=2026&date=
2026,166,https://www.uvo.gov.sk/vestnik-a-registre/vestnik?order=166&year=2026&date=
2026,167,https://www.uvo.gov.sk/vestnik-a-registre/vestnik?order=167&year=2026&date=
2026,168,https://www.uvo.gov.sk/vestnik-a-registre/vestnik?order=168&year=2026&date=
2026,169,https://www.uvo.gov.sk/vestnik-a-registre/vestnik?order=169&year=2026&date=
2026,170,https://www.uvo.gov.sk/vestnik-a-registre/vestnik?order=170&year=2026&date=
2026,171,https://www.uvo.gov.sk/vestnik-a-registre/vestnik?order=171&year=2026&date=
2026,172,https://www.uvo.gov.sk/vestnik-a-registre/vestnik?order=172&year=2026&date=
2026,173,https://www.uvo.gov.sk/vestnik-a-registre/vestnik?order=173&year=2026&date=
2026,174,https://www.uvo.gov.sk/vestnik-a-registre/vestnik?order=174&year=2026&date=
2026,175,https://www.uvo.gov.sk/vestnik-a-registre/vestnik?order=175&year=2026&date=
2026,176,https://www.uvo.gov.sk/vestnik-a-registre/vestnik?order=176&year=2026&date=
2026,177,https://www.uvo.gov.sk/vestnik-a-registre/vestnik?order=177&year=2026&date=
2026,178,https://www.uvo.gov.sk/vestnik-a-registre/vestnik?order=178&year=2026&date=
2026,179,https://www.uvo.gov.sk/vestnik-a-registre/vestnik?order=179&year=2026&date=
2026,180,https://www.uvo.gov.sk/vestnik-a-registre/vestnik?order=180&year=2026&date=
2026,181,https://www.uvo.gov.sk/vestnik-a-registre/vestnik?order=181&year=2026&date=
2026,182,https://www.uvo.gov.sk/vestnik-a-registre/vestnik?order=182&year=2026&date=
2026,183,https://www.uvo.gov.sk/vestnik-a-registre/vestnik?order=183&year=2026&date=
2026,184,https://www.uvo.gov.sk/vestnik-a-registre/vestnik?order=184&year=2026&date=
2026,185,https://www.uvo.gov.sk/vestnik-a-registre/vestnik?order=185&year=2026&date=
2026,186,https://www.uvo.gov.sk/vestnik-a-registre/vestnik?order=186&year=2026&date=
2026,187,https://www.uvo.gov.sk/vestnik-a-registre/vestnik?order=187&year=2026&date=
2026,188,https://www.uvo.gov.sk/vestnik-a-registre/vestnik?order=188&year=2026&date=
2026,189,https://www.uvo.gov.sk/vestnik-a-registre/vestnik?order=189&year=2026&date=
2026,190,https://www.uvo.gov.sk/vestnik-a-registre/vestnik?order=190&year=2026&date=
2026,191,https://www.uvo.gov.sk/vestnik-a-registre/vestnik?order=191&year=2026&date=
